text,label
서울지방 검찰청에 있는 사이버수사대입니다.,1
"다름이 아니고, 저희가 수사 중인에 본인 앞으로 연루된 사건이 있어서 전화 드린 겁니다.",1
혹시 개인적으로 출신 남성분  알고 계십니까?,1
주변에서 이름 들어본 적도 없으십니까,1
저희가 여쭤보는 이유는  저희 수사팀에서 지난주입니다 ,1
서울 마포 지역에서 주범으로 금융사기단을 검거했거든요,1
검거현장에서 대량의 복제 신용카드와 위조 주민등록증와 다수의 대포 통장을 입수했습니다,1
저희가 압수수색 중에 선생님 실명으로 된 통장이 발견되었는데요,1
선생님 실명으로 개설되었기 때문에 전화를 드린거잖아요 ,1
그러니까 저희가 청으로 방문하시라고 안내전화 드린겁니다,1
그래서요 제가 어떻게 하면 되는데요,1
서울지방경찰청 사이버 수사대 지능범죄 수사팀 서현아 담당 수사관입니다.,1
일단 앞으로의 조사 과정은 계속 말씀드렸다시피 녹취 상태로 진행이 될 건데 녹취가 무슨 말인지는 알고 계시죠 본인께서도,1
서울중앙지검이요 계속 말을 끊으시는데 차라리 메모장이나 펜 같은 거 있으시면 좀 기재를 해놓으세요,1
제가 불러드릴 테니까. 네 준비되시면 말씀을 하시고요.,1
네 이제 말씀해 주셔도 돼요. 알겠습니다.,1
서울중앙지검 첨단 범죄 수사 일부,1
일단 다음 주에 법인 관련 재판이 열리거든요,1
네 재판 날 본인께서 직접 출석하시는 건 아니고요,1
본인께서 이 날 대신해서 피의자 입증을 받을 만한 증거 자료를 저희가 만들기 위해서 하게 될 거예요,1
일단 그렇기 때문에 이 녹취 자료에는 제3자의 육성이나 기타 소음 또는 심한 자금이 유입된다면 증거 자료로 채택이 불가능하고요,1
현재 피의자도 피의자도 아닌 중립적인 신분인 조사자 신분이시기 때문에 이 사건에 대해 제3자에게 유포하시거나 있으라 하시면 전혀 안 되시고요,1
"일단 일단 직장 동료분이 옆에 주변에 있을 수도 
비상구나 계단 같은 곳으로 좀 이동을 해 주시고요
이동하실 때 방금 적은 모자고 펜 좀 들고 이동 좀 해주세요",1
다시 연락드리는 게 아니라 녹취 조사 후 이관시켜 드린다고요 ,1
 그럼 꼭 끊어지지 않는 상태로,1
서울중앙지검 다름이 아니라 본인과 연루된 불법 명의 도용 사건이 지금 검찰 측에 접수가 돼서 연락을 드렸고요,1
본인께서 잠시 통화하시면 괜찮으신가요그러시면 제가 몇 가지 사항에 대해서 제가 좀 여쭤보도록 하겠습니다,1
저희 검찰에서 이 금융 검색 상단을 권고하게 됐는데 그 과정에서 대량의 신용카드와 대포통장을 압수하였고요,1
가장 중요한 건 명의로 통장이 발견되어서 연락을 드린 거예요,1
네 본인께서 이 총장 개설 내용에 대해서 알고 계신 부분이 있으시면,1
이 통장을 조사해 봤을 때 통장 개설 날짜,1
지점에서 개설이 되었고 이 통장을 해당 금융감독원과 같이 제시를 해봤을 때 본인 아니신가요,1
본인 명의로 된 통장임을 확인하고 제가 이렇게 여쭤보는 겁니다,1
최근 2 3년 사이에 핸드폰이라든지 지갑 신분증을 분실하시거나 도난 당하신 적 있으신가요,1
네이버 측에 개설된 중고나라 사이트 알고 계시나요,1
은행들이 중고나라 사이트를 통해 고가의 물건을 판매한다고 그 매물만 대량으로 올려놓고 명의,1
네 여기 강남서 사회도 수사과에요,1
네 저희 측에 이제 신고 접수 확인되셔가지고 연락드렸는데 어떤 신고 접수하신 거세요,1
지금 번호 주신 거는 핸드폰 번호가 뜨는데요,1
사이버 수사과 유선 번호를 알려주시겠습니까,1
 저축은행에도 이제 돈을 넣으라는데 부산은행 불러주면서 돈을 넣으라고 ,1
그쪽에서 공문 확인해서 연락드린 건데 그쪽에서 저희 쪽으로도 계좌 안내를 해주셨어요,1
심사 결과 확인돼서 연락드렸고 어떻게 통화 괜찮으신가요,1
처리 되시기 전에 제가 잠깐 보류 건으로 좀 올려놨는데 사유를 정확하게 좀 확인을 해보니까 보면은 기존에 저희 쪽 알아보시기 전에,1
대출을 좀 알아보신 것 같은데 금융사 반복적으로 접수가 되셨다가 조회되신 이력들이 쌓이시면서 신용 등급 자체가 너무 많이 떨어지셨더라고요,1
타 금융사에 서류 돌린다고 해도 대출 자체가 나올 수 있는 상황은 아니더라고요,1
고객님께서 필요한 자금이 있다고 하시면 제가 현재에서 가능한 방향 확인해 보고 연락을 좀 ,1
지금 설명드리는 대출 자체는 저 혼자 이제 단독적으로 진행을 해서 대출 승인 처리를 내드릴 수 있는 부분은 아니고,1
이게 정상적인 방법으로 진행되시는 대출은 아닙니다,1
진행되는 대출이고 고객님 자력으로 안 되는 대출 과정에서 비용이 따로 발생이 되십니다,1
비용 같은 경우에는 고객님은 그래도 다른 분들에 비해서는 그나마 낮은 금액으로 책정이 되셨고요,1
가능하신 대출이라 해서 설명 진행하실 의사가 있다고 하시면 오늘 성금 처리까지 진행해  도움,1
우리 은행 금융센터,1
대출영업 대출 1팀으로 연락을 하셔서 확인해 보시면은 확인이 부분이시고요,1
법무용 납부 증명서 같은 경우는 공문서가 확인이 되셨기 때문에 다른 상담원이 확인이 안 될 수가 있어요,1
지금 저희들이 대환대출 플러스 생활유지 자금 쪽으로 나온 대출 상품이 있어요,1
이자만 갚으셔도 되는,1
검찰청에서는 공공기관에서 본인의 앞으로 계좌번호 비밀번호 개인 정보 같은 거 여쭤보지 않습니다,1
녹취 상태이기 때문에 본인께서도 주의를 해 주시고 절대 얘기하시면 안 되시겠고요,1
실제로 은행하고의 은행 금융권은 거래를 하고 계시니까,1
저희가 조사하는 과정에서 씨 같은 경우에는 일단 동일 전과도 없으시고 일단 신문도 확실해서 저희가 유선상으로 이렇게 연락드린 거예요,1
일단 본인께서 만약에 이 혐의점이 있다고 하시면은요,1
일단 지금 중요한 건 범죄 현장에서 즉시 명의로 되신 우리은행하고의 하나님 통장이 발견되셨다고 제가 말씀드렸는데 일단 이 통장들이 불법 용도로 사용이 되셨거든요,1
 이 통장을 양도한 사실이 없으시면요.,1
간단한 피해자 입증 조사를 받으셔야 되십니다,1
국민장에서는 본인께서는 몇 개의 계좌 어떤 용도로 사용하고 계십니까,1
본인께서 피해자인지 가해자인지 아무런 증거 자료가 없어요,1
저희도 본인을 무턱되고 가해자다 이렇게 판단할 수는 없지 않습니까,1
녹취 증거 자료를 제 1차 공판 때 이 피해자 입증 자료로 본인을 대신해서 법정에 제출해 드릴 거예요,1
개인 정보 유출 사건 때문에 지하 프로미까지 확인차 연락드렸어요,1
저희 수사과에서 얼마 전에 금융 사기 집단을 검거라 했는데요,1
현장에서 대량의 대포통장과 체크카드를 압수하는 과정에서 본인 명의로 된 은행 통장 두 건이나 같이 발견되셔서 전화드렸습니다,1
본인은 수사를  다른 피해자분 앞으로 전화를 해야 되는 상황이기 때문에 협조를 해주세요,1
제 개인 정보를 도용을 해가지고 위조 신분증을 만들어가지고요,1
은행 거기 이제 직원들하고 결탁을 해서 불법 계좌를 개설했습니다,1
인터넷 뱅킹과 문자 전송 없이 본인 명의로 계좌 개설이 가능했던 걸로 지금 파악,1
서울중앙지방검찰청에 첨단범죄수사에 수사관입니다,1
본인 명의로 계좌 개설이 가능했던 걸로 지금 파악이 되고 있습니다,1
유선상으로 1차 녹취 과정을 통해서 김 씨가 명의도용 피해자인지 아니면 계좌로 양도한 건지 조사 차 연락을 드린 거예요,1
서울중앙지검에 수사관입니다,1
신상 정보를 다른 사람이 도용해서 사용하고 있다가 이번에 저희 검찰에 구속이 됐습니다,1
본인이 저 일단 실황 조사 녹취 조사 네 본인이 부담스러웠고 하기 싫으시면은 서울중앙지검으로 출두를 해 주세요,1
조사받으러 어떻게 하면 되나요,1
실황 조사 녹취 조사 본인이 부담스러웠고 하기 싫으시면은 서울중앙지검으로 출두를 해 주세요,1
핸드폰 번호가 떴지만 저희가 이제 kt 통신에서 구해 받은 이 녹취 전용 전화입니다,1
"본인과 저와의 통화 내역이 저희 검찰에서 한 통 갖고 있고, 법원에서 하나 갖고 있고 kt 통신에서 하나씩 갖고 있습니다",1
한 개는 그냥 예금 계좌 하나 있는 그냥 자유롭게 넣다 다 할 수 있는 계좌 자유 입출금 계좌 이제 은행은 다섯 개 더 이상 없으시죠,1
본인이 사용하셨던 거나 사용하시는 금융권 있으세요,1
개인정보가 금융권에서 유출이 됐다고 일단은 판단이 되고요,1
검찰에 구속이 됐습니다,1
위조 신분증을 만들었습니다,1
금융 거래라든지 이런 거 하신 적 없으세요,1
조사 과정에서 이제 사건이나 본인의 정보가 추가적으로 유출되는 경우가 많으니까,1
본인이 알고 계시는 이제 제3자의 인물이 없는 곳에서 통화 좀 부탁드리겠는데요,1
길에 계신 거예요 주변에 지인분이 계십니까,1
인의 정보가 이제 지인들로 인해서 유출이 되는 경우도 있기 때문에 최대한 보안적인 부분을 유지하시면서 본인 동의 하에 녹취를 진행하겠습니다,1
저희 지검에서 김선정을 주범으로 된 금융사기단 7명을 검거했습니다,1
검거 현장에서 증거물품으로 다량의 대포통장 현금카드 등을 확보했습니다,1
본인의 명의의 은행과 증권 계좌가 이제 같이 발견이 됐어요,1
본인께서는 이런 신규 개설에 대해서 아시는 내용이 있으십니까,1
명의 도용 건이고요,1
이번 사건에 대한 피해자인지 이제 확인하기 전화를 남 교통번호 가르쳐드릴 수 없고요,1
수사관님 연결되실 거예요,1
조사 과정에서 제가 본인에게 폭언이나 강압에 의한 수사를 진행했는지 차후에 재판 과정에서 증거 자료로 채택될 수 있기 때문에 녹취를 하는 것이고 지금부터는 타인의 음성이 섞인다거나 사건에 대해 발설하는 행위가 발생될 경우에는 증거 자료로 채택되지 않습니다,1
본인의 정보가 추가적으로 유출되는 경우가 있으니까 되도록 주변 인물이 없는 곳에서 이렇게 통화 좀 부탁드리겠는데요,1
수고하십니다 여기는 서울중앙지검이고요,1
저는 첨단범죄수사에 수사 담당하는 수사관입니다,1
본인 앞으로 저희 지검에 명의도용권이 접수가 되셨는데 이번 사건에 대한 피해자인지 확인하기 전화드렸습니다,1
얼마 전에 이제 저희 지검에서 금융사기단을 검거했습니다,1
그런데 검거 현장에서 증거물품으로 다량의 대포통장과 현금카드 등을 확보를 했고 그중에 본인의 명의에 은행과 증권 계좌가 같이 발견이 됐어요,1
혐의점이 확인되시는 유선 조사가 즉시 중단이 되고 고환장과 영장이 발부될 수 있으니까 지금처럼 이렇게 사실적으로만 진술해 주시면 되겠습니다,1
고지 의무가 있기 때문에 고지를 먼저 해드리고 이 녹취를 이어갈게요,1
녹취를 하는 이유는 조사 과정에서 제가 본인에게 폭언이나 강압에 의한 수사가 있었는지 차후에 재판 과정에서 증거 자료로 채택될 수 있기 때문에 녹취를 하는 것이고 지금부터는 녹취 내용 안에 타인의 음성이 섞인다거나 타인에게 사건에 대해 발설하는 행위가 발생될 경우에는 증거 자료로 채택되지 않아요,1
조사 과정에서 사건이나 본인의 정보가 추가적으로 유출되는 경우가 많으니까 되도록 준비된 인물이 없는 곳에서 통화 좀 부탁드리겠는데요,1
주변에 본인이 알고 계시는 제3자 인물이 계십니까,1
외가 쪽 이제 친척 동생이라고 말씀해 주시고요,1
만약에 물어보시지 않으시면 굳이 먼저 말씀을 안 하셔도 되시고요,1
서류 제가 올려드리면은 바로 심사과에서 전화가 들어가는 건 아니고 순차적으로 심사가 진행 중이니까 곧 받아보시거나  더 빨리 전화 들어가실 수도 있으시고요,1
그대로 가지고 계셨다가 지금 진행을 빨리 하시면 저희 쪽에 오후 3시 정도 또는 4시 마감 전까지 저희 쪽 자금을 받으실 수 있으시니까 우선 자금을 먼저 받으세요,1
고객님 녹취가 들어가는 부분이고 그 부분은 이제 고객님께서 동의 하에 녹취가 들어가는 부분이시기 때문에 걱정을 안 하셔도 되시구요,1
팀장님 좀 뵙고 왔는데 너무 보류를 오랫동안 저희가 잡아드릴 수가 없습니다.,1
이거 지금 고객님께서 지금 진행 안 하실 것 같으면 말씀을 해 주셔야 되십니다,1
고객님 지금부터 상황 보고서 작성의 녹취가 들어가실 겁니다,1
심사부 결제팀으로부터 상황 보고서 공문이 내려오셨고요,1
네 이 부분은 고객님 동의 하에 진행이 가능하십니다,1
상황 보고서 작성에 동의하십니까 고객님 동의하시고요,1
고객님 승인 나시면은 저한테 전화 좀 한 통 좀 주시구요,1
진행을 좀 서두르시면 오늘까지는 자금 받아보실 수 있으실 겁니다,1
대환 조건 높은 금리를 일부러 일으키셔가지고 사용하는 것처럼 해서 당일 만기 상환 제도 당일날 빌려서 오늘내로 상환 처리가 들어갈 거예요,1
조건 맞추신 다음에 저희 쪽 자금을 풀어드리겠다라는 겁니다,1
저희 정부 지원 자금이라고 들어보셨잖아요,1
고객님은 조건은  충족이 되시는데 금융 거래 미비로 확인이 안 되세요,1
어떤 지금 기존의 부채가 전혀 없으시잖아요,1
저희 같은 경우에는 정부 지원 자금으로 고금리 상품 이용 중이시거나 서민금융으로 이렇게 신청을 해드리는데 우리 고객님께서는 해당이 조건에 좀 맞춰주셔야지 저희가 이제 자금을 풀어드릴 수가 있습니다,1
고금리 상품도 이용해 주셔야 하시고 하시는데 전혀 없으시다 보니까 금융거래 미비로 확인이 되세요,1
당일 만기 상환 제도라고 있습니다 금융권에서 대출을 한 번 받으셔가지고 만기 상환하시면 신용등급이 올라가시잖아요,1
부채가 너무 없으시면은 신용등급이 올라가지 않습니다 ,1
대출을 받으셔가지고 만기 상환해서 부채를 갚아 나가시면 신용등급이 상승이 되십니다,1
당일 만기 상환 제도로 해서 우리 고객님 오늘 변제 조건 하에 저희 쪽 자금 받아보신 걸로 진행 도움드리기로 했었잖아요,1
직접 상환 요청하시면 되시는데 왜 은행 통해서 이렇게 상환 요청이 들어왔냐고 물어보실 수도 있으니 있으세요 그러시면은 사실대로 은행에 사촌 형님이 근무하고 계시는데 내가 신용 관리 차원에서 처리하려고 하는 거다라고 이렇게 말씀 잘해 주셔야 되시고요,1
저희가 전산 이관을 받아야 됩니다 첫 번째 전산 이관 요청하셔야 되시구요,1
그리고 두 번째는 기업부 납부 증명서를 요청하셔야 되시고요,1
금융사 간의 처리 여부를 금감원 그리고 은행 그리고 상대 금융사 모아저축은행 이렇게 3사가 확인되는 방식으로 감독하는 계좌이시고요,1
에스크로 계좌는 일반적인 사용 방법이 아닌데 이거 어떻게 하는 거냐라고 물어보시게 되시면 농협에 사촌 형이 근무한다고 말씀하지 않았냐 원래는 이게 처리가 안 되시는 건데 이렇게 저희가 우회적으로 도움을 드리는 거기 때문에 고객님 당황하시면 안 되시고 그쪽에서 말 하더라도 이렇게 내가 하는 건데 세게 나가셔야 되십니다,1
고객님 100만 원 이상이라든지 에스크로 계좌 같은 경우에는 납부 방법이 일반인들이 사용하는 계좌가 아니기 때문에 혹시라도 이제 은행에서 모니터링이 가실 수도 있으세요,1
에스크로 계좌 이거 어떻게 알고 상환 처리했냐라고 물어보실 수도 있으세요,1
그러시면은 다른 말씀하지 마시고 고객님께서 당황하지 마시고 빌려주려는 사람이 지인인데 전세 자금 빌려주는 거다라고 말씀 하시면은 모니터링을 피하실 수가 있으시거든요,1
한 가지 방법은 저희가 국가 안전보안코드를 알려드릴 겁니다,1
안전 보안코드 계좌로 입금을 하시는 방법이 두 가지가 있습니다,1
본인이 이런 것 때문에 또 안 좋은 계좌에 입금하면 본인이 서류도 못 받았는데 본인이 불안하시지 않습니까,1
어차피 대출금이 나오는 시간이 두세 시간 걸린다고 했죠 농협 계좌로 스마트 패킹 되는 계좌로 받으셨죠 스마트 패킹 한도는 천만 원 되시죠  그리고 아까 출금한도 육백만 원 하셨고 제가 이거에 맞는 조치를 해 드릴 겁니다,1
사건에 대하여 수사관은 개인정보보호법에 의거하여 혹시 주민번호 은행권의 계좌번호 비밀번호를 묻지 않는다는 점을 알려주시기 바랍니다,1
혹시 타인에게 통장 양도 판매하신 적 있으신가요 본인 명의의 통장이 대포통장으로 개설되어 범죄에 사용된 사실을 알고 계셨습니까,1
명의로 압수된 두 점의 대포통장은 동결 처리되어 있는 상태고요,1
검거 현장에서 압수된 두 계좌에는 불법 사기 관련 자금이 들어 있기 때문에 더 이상 금융거래가 되지 않도록 금감원에서 해당 계좌에 대한 지급정지 요청을 해놓은 겁니다,1
본인이 본인 신용으로 돈을 빌린다는데 물어보는 건 정상적인 게 아닙니다,1
수사한 겁니다 담당 직원 남자인지 여자인지 확인하시고요,1
목소리 들으면 알지 않습니까 그리고 성함 말씀해 주시면 담당 직원에 대한 성함 기억해 두셨다고 저한테 말씀해 주시면 됩니다,1
계좌 불법 자금 가셔야 되는 건 아셨습니까 뭐에 쓰시려고요라고 하면은 눈치 못 채게끔 하려면 어떻게 해야 됩니까 전세금이 필요한다든지 그렇게 말씀하시면 됩니다,1
아셨습니까? 그리고 대출 진행하실 때 안 되면 좋은데 된다고 하시면 당황하지 마시고 의연하게 하시면 됩니다.,1
캐피탈 불량증을 눈치채면 어떻게 되겠습니까 만약 대출자금 빠져나가면 본인은 그 돈을 돈이 다 갚으셔야 되는 겁니다,1
원리 원칙적으로 강남 오셔서 저희 본청에 오셔야 되는데  본인이 겁내시고 못 오신다고 하시니까 의심하시니까 제가 본청으로 오라고 한 겁니다,1
아셨습니까? 예 그냥 믿고 하시면 됩니다,1
이제 가까운 우리은행 방문해 주셔야 될 것 같고 제가 이제 오늘 아무래도 젊으신 분이다 보니까는 통화 기록이나 문구 기록 조회를 좀 진행해야 될 것 같은데 지금 사용하시는 휴대폰에  설정 들어가셔서 셀로드 데이터 차단해 주시겠어요,1
데이터가 켜져 있으면은 이제 오류가 발생하기 때문에 계속 연동이 되면은 오류가 발생하기 때문에 데이터 차단해 주시고 와이파이 차단해 주시고 차단한 시간 저한테 말씀해 주세요,1
이제 통화 기록 문자 기록 중에 저희가 진행하도록 할게요,1
여기까지 혹시라도 데이터 끼시면은 이제 이제 통화기록 문자 기록 조회하는데 이제 오류가 발생할 수 있기 때문에 꼭 주의 부탁드리겠고 일단 지금 휴대폰 배터리 차량 어떻게 되시죠,1
조사는 녹취 조사로 진행되는 부분입니다,1
인터넷 포털 사이트에서 고가성 물건을 저가성으로 판매를 한다고 속인 뒤에 돈만 편취한 사건입니다,1
당부 드리고 싶은 말은 이 녹취 조사 중에 제3자의 목소리가 들리신다거나 주변에 소음이 막 시끄럽게 들리실 경우에 이제 처음부터 재녹음이 진행이 됩니다,1
본인께서 겁이라서 은폐 또한 은닉하실 경우 형법 156조 1 2항 증거인멸죄 형법 152조 위증죄 형법 132조 1항 공무집행 방해죄가 추가된다는 점에서 명시해 드리고요,1
저희가 범죄에 사용된 것이 본인 명의로 된 농협하고 국민은행 이 두 통장은 지금 저희 쪽에서 동결 처리를 지연시켰고요,1
고가성 물건을 적가성으로 판매를 한다고 속인 뒤에 돈만 편취한 사건입니다,1
제가 이제 이와 같은 질문을 드린 것도 본인께서 이번 사건과 조금의 연루가 있으신가 제가 확인 차 이렇게 질문을 드린 거였었고요,1
피해자분들이 현재 본인께서 범죄 일당과 지금 어떠한 연루가 되어 있다고 판단을 하셔서 현재 지금 본인 앞으로 고소 고발권이 들어오셨어요,1
피해자에 가깝다고 지금 추정이 되기 때문에 저희 쪽에서도 이러한 부분들을 해결해 드릴 부분이 있기 때문에 이렇게 연락을 드린 거고요,1
본인도 명의를 도용당한 피해자라는 피해자 입증을 좀 해 주셔야 되는 부분이고요,1
아무래도 본인께서 잘못한 게 없으신 피해자가 맞습니다,1
본인하고 연루되신 명의 도용 사건이 하나 있어서 저희 쪽에서 몇 가지 확인차 연락께 연락을 좀 드렸습니다,1
사건 자체가 현재 전국구 사건입니다,1
이백 여 명 정도가 연루된 사건이거든요,1
근데 아직까지 대다수 공모자들이 검거가 안 된 상태입니다,1
저희가 이 연락드린 이유도 본인께서 혹시 대가성을 받고 통장을 판매하시거나 양도를 하신 가해자분이신지 그게 아니시라면 명의도용을 당하신 피해자 분이신지 확인 조사 차에 연락을 드린 거거든요,1
저희도 알게 된 바로는 은행 측 직원이 굉장히 많이 연류가 돼 있다 보니까 본인 명의 없이도 통장 개설 관에서는 손쉽게 개설이 됐던 부분에 대해서 확인이 가능하긴 하거든요,1
저희 측에서는 일차적으로 사건 고물이랑 소환장 지로 발송 가능하거든요,1
직접적으로 저희 서울중앙지방검찰청으로 오셔서 대면 수사 받아두셔도 되시고 어디까지나 강제 수사를 진행할 수 없는 부분이다 보니까 본인께서 불안하시거나 하시면 오셔서 수사를 받으셔도 되십니다,1
공인중개사를 운영했던 삼십육세 남성을 알고 있거나 도와준 사실이 있으십니까,1
지점에서 본인 명의로 된 국민은행과 농협은행 통장을 직접적으로 개설하신 사실은 있으신가요,1
통신사 이용하시면서 본인 신분증 여분 같은 거 이제 남겨두시거나 하신 적은 있으세요 휴대폰 다시 개설을 하게 되면은 필요하신 서류에 대해서 기재만 하시고 나서 신분증 여분 같은 거 복사본을 받아오셔야 되시거든요,1
직접적으로 개설하신 금융권에 대해서 진술을 좀 받도록 하겠습니다,1
상호만 말씀해 주시면 되십니다 고객께서 개설하신 전부 금융권 상호 전부 다 진술을 해주셔야 되십니다,1
저는 서울중앙지방검찰청 지능범죄수사 1팀의 수사관입니다,1
본인 앞으로 이제 개인정보 유출 사건 관해서 몇 가지 확인차 연락을 드린 거거든요,1
친구시라고요 그 친구라는 분이 어떤 직종에 근무하고 계시죠 저희 쪽에 검거가 돼 있는데 무슨 소리를 하시는 거예요,1
녹취 상태로 진행되는 거기 때문에 고객님께서 네 혹시 내용이 거짓이 있으시거나 하시면 공무집행죄와 위증죄가 성립된다는 사실을 미리 말씀을 해 드리겠습니다,1
일당을 검거했을 때 사용된 두 통장은 저희가 추가적인 피해자가 발생하지 않도록 저희가 규정상 동결 처리를 했는데요,1
금융 거래가 되지 않도록 금융감독원에서 지급 정지를 한 상태입니다,1
금융 사기단을 검거했는데요 검거 현장에서 대장의 신용카드랑 보안카드 대포통장 대포폰을 압수했는데요,1
압수했던 물품 중에서 본인 명의로 되신 국민은행하고 농협은행 다 본인께서 이 계좌 개설에 대해서 알고 계셨습니까,1
최근에 불법 사이트 운영 혐의로 인해서 저희 쪽에 검거가 용의자고요,1
"저희가 검거 과정에서 다량의 대포통장, 보안카드, 신용카드 등을 압수했습니다",1
압수 품목이 명의로든 국민은행과 농협은행 통장이 발견되어서 연락을 드린 거고요,1
연락드린 이유는 고객님께서 혹시 대가성을 받고 통장을 판매하신 가해자분이신지 명의도용을 당하신 피해자분이신지 저희가 확인 조사 차 연락을 드린 겁니다,1
그니까 말 그대로 지금 피해자이신지 가해자이신지 가리기 위해서 수사를 진행하는 부분이고요,1
개설되어 범죄에 사용된 사실 알고 계셨습니까 두 개의 통장은 추가적인 피해자가 발생하지 않도록 저희가 규정상 동결 처리했습니다,1
혹시 동결 처리가 무엇인지는 알고 계신가요,1
알고 계시는 금융권이 일치한지에 대해서 일 대 일 대비 조사 요정이구요,1
이 부분은 본인 진술이 필요하십니다,1
왜냐하면 본인께서 정상적으로 사용하시는 금융권 외에 본인이 모르는 통장이나 카드가 발견이 된다면요 아직 검거하지 못한 일당들이 추가적으로 사용하시는 불법 통장인 줄 알고 바로 지급 정지를 시키겠습니다,1
명의로 된 은행권이 있다면 상품을만 간단하게 말씀해 주시겠습니까,1
계좌 지정을 해주셔야만이 보호 조치를 해 드릴 겁니다.,1
네 예금자 보호 등록을 위해서 확인이 되셔야 하는데요,1
오백만 원에서 천만 원 이상 크게 차이가 나신다면 그 계좌도 정상 계좌가 아니라고 판단하고 본인한테 피해 방지차 동결 처리를 위해서 여쭤보는 겁니다,1
본인이 진술하신 금융권 외에 본인 명의의 다른 통장이 발견이 된다면 대포통장으로 간주를 하고 동결 처리시키겠습니다,1
수사과에서 문희경으로 인한 금융 사기 집단을 검거했는데요,1
검거 현장에서 대량의 대포통장과 체크카드를 압수하는 과정에서 본인 명의로 대신 우리은행과 하나은행 통상 두 건이나 같이 발견되었습니다,1
서울중앙지검이구요 명의도용 사건 때문에 연락드렸습니다,1
주변에 생각나시는 분도 없으시고요  전혀 들어보신 적도 없으십니까,1
얼마 전에 저희 추석과에서 검거를 하였구요,1
이들을 검거한 현장에서 번의 명의라듯이 은행 통장 대포통장으로 발견이 되어서 연락드렸습니다,1
실제로 은행 거래를 하고 계십니까 아니시면 최근 삼 년 사이에 지갑이나 신분증 개인 정보가 유출될 만한 물건들을 분실하시거나 남에게 양도한 사실이 있습니까,1
저희 검찰청에서 본인 앞으로 연락드리오는 이 두 통장을 양도 판매한 가해자인지 아니면 본인도 명의도용을 당한 피해자 신분이신지 확인 조사차 연락드렸구요,1
만약에 이 전과가 있으시면 직접 저희 쪽으로 내 방을 하셔서 저사를 받으셔야 되시구요,1
범죄 현장에서 본인 명의로 되신 통장이 발견되셨기 때문에 본인께서 양도한 게 아니라면 간단한 피해자 입증 조사를 받으셔야 되십니다,1
조사 과정은 전반적인 녹취 상태로 진행되는데요.,1
저희 검찰 수사 같은 경우엔 일대일 대비 조사를 원칙으로 하고 있고요,1
서울중앙지방검찰청에서 전화드린 거예요 현재 저희 검찰에서 주범으로 인한 금융범죄 사기단을 검거한 상태예요,1
검거 현장에서 대량의 신용카드와 대포통장을 압수하던 과정에 명의로 된 농협 하나은행 통장 두 점이 발견돼서 조속히 연락드린 거고요,1
검찰에서 연락드린 목적은 본인께서 일당들에게 금전적인 대가성을 받고 통장 판매를 하신 건지 그게 아니시면 개인정보 유출로 명예도 당하신 피해자이신지 그 여부를 파악하고자 연락을 드린 거예요,1
먼저 본인 통장이 불법적으로 사용이 되었기 때문에 사용에 대해서 말씀을 좀 드릴게요,1
명의로 된 통장을 사용하여 입금을 유도했고요,1
자금만 인출한 후 지금 도주 잠적한 상태예요,1
이제 물건을 받지 않은 피해자분들이 발생이 되겠죠 그 피해자분들이 현재 씨 앞으로 고소 고발 조치가 취해진 상태고요,1
본인께서 금일 안으로 피해자 입증만 받게 되시면 본인 앞으로 취해진 고소 고발이나 피해 금액은 전부 취하 처리될 수 있으니깐요,1
너무 걱정하지 마시고 적극적으로 협조해 주세요,1
옥션이나 인터파크 이런 데 이용하세요 이용 안 하고 계시고 본인이 지금 너무 안일하게 생각하시는 거 같은데 본인이 확인 안 해 보시고 없다라고 말씀을 하시면 저희가 추가적인 조사 진행을 해 봐야 돼요,1
본인과 연루된 명의도 사건이 있어요.,1
그래서 저희가 몇 가지 확인차 연락을 드린 거예요,1
주범으로 인한 금융범죄 사장을 검거한 상태예요,1
검거 현장에서 대량의 신용카드와 대포통장을 압수했는데,1
본인 명의로 된 통장 두 개가 발견되었어요,1
본인 혹시 이 통장 개설 건에 대해서 알고 계신 사실 있으세요,1
일당들에게 금전적인 대가성을 받고 통장을 판매 양도하신 건지 그게 아니시면 개인정보 유출로 명의 도용을 다 같이 피의자시킨지 여부를 파악하고자 연락을 드린 거예요,1
통장이 불법적으로 사용이 되었어요,1
일당이 고가의 물건을 판매한다는 명목 하에 본인 명의로 된 통장 사용을 입금을 유도했어요,1
그리고 자금만 인출한 후에 지금 도주 잠적한 상태고요,1
물건을 받지 않는 피해자가 발생이 되었겠죠 그 피해자분들이 현재 본인 앞으로 고소 고발 조치가 취해진 상태고요,1
본인 앞으로 고소 고발 조치가 취해진 상태고요,1
본인께서 금일 안으로 피해자 입증만 받게 되시면 본인 앞으로 취해진 고소고발 건이라든가 피해 금액은 전부 취하처리 될 수 있으니깐요,1
제3자의 육성 또는 기타 소음이 유입될 경우에는 본인 증거 자료잖아요,1
증거 자료에 조작 가능성이 있다고 해서 채택되기 힘드실 수가 있어요,1
본인이 주의하셔야 되는 거예요 그리고 본 사건은 명예훼손 사건이고 본인은 아직 피해자도 가해자도 아닌 조사하신 분이 때문에 제3자에게 유포 발언권이 없는 상태예요,1
제3자에게 유포 발언 시 저희는 최초 유포자로 판단하여 법적 책임이 따른다는 점 필리 유의하셔야 되는 거예요,1
전화받는 위치가 어떻게 되세요 그러면 일단은 제3자가 없는 조용한 곳으로 이동을 좀 하셔야겠죠 그러면 지금 본인이 혹시 최근 3년에서 4년 사이에 개인 정보가 유출될 만한 물건이나 서류를 분실 또는 도난당하신 사례가 있으신가요,1
본인 명의로 사용 중이신 금융권 상호명만 간단하게 진술 받겠습니다,1
본인이 진술해 주신 금융권 어떤 용도로 사용 중이신지 하나씩 진술 받겠습니다,1
본인이 진술해 주신 모든 계좌 건에 대해서는 국가에서 보호 조치가 진행이 될 거예요,1
진술해 주신 계좌건 이외에 타 계좌 건이 확인이 될 시에는 즉시 동결 처리 및 국고로 환수 조치가 진행이 될 겁니다,1
대포통장이은행에 두 계좌가 발견돼서 저희가 먼저 이렇게 연락을 드렸고요,1
명의로 대포통장을 만들었다고요,1
현장에서 본인 명의로 발견 당시에는요 저희가 금융감독원에 요청을 해서 바로 거래 정지 요청을 올려드렸고요,1
거래 정지하는 과정에서 일단 저희가 금융권을 조사해 보니까 본인 명의로 된 이 대포통장이 피해 신고 금액이 좀 들어와 있는 상태입니다,1
불법 도박 세트 운영 혐의를 검거하는 과정에서 계좌가 현장에서 관련되었기 때문에 연락을 드린 거고요,1
본인께서 개인정보 유출로 피해자인지 금전적인 대가성을 받고 대포통장을 판매한 혐의가 있는지 해서 몇 가지 조합 스럽게 연락을 드린 거예요,1
피해 신고 접수라는 걸 도움을 드릴 거고요,1
지금부터 모든 통화 내용을 녹취로 진행하겠습니다,1
개인정보 유출로 피해자 신분으로 먼저 녹취 진행해 드릴게요,1
지금 본인 명의로 은행권의 대포통장이 불법 현장에서 발견돼서 이렇게 연락을 드렸습니다,1
불법 현장에서 발견된 이 대포통장 농협과 국민은행 건에 대해서는 저희가 금융감독을 통해서 바로 거래 정지 요청 올려드렸고요,1
연락드린 이유는 본인께서 개인적으로 유출한 피해자인지 금전적인 대가성을 받고 통장을 판매매 양도가 이루어졌는지 해서 조사차 연락드린 거고요,1
담당 검사님을 통해서 피해 신고 접수라는 걸 진행을 좀 하셔야 되는 부분이 있습니다,1
녹취 내용은 지금 본인의 개인정보 유출로는 피의자 신분으로 녹취가 진행될 겁니다,1
녹취 과정에서 제3자의 음성이나 시끄러운 소리가 들어가게 되면 녹취 과정에 법적 증거 자료로 채택이 안 되는 부분이 있기 때문에 이런 부분 주의해 주시고요,1
저희가 금융감독 자료 요청해서 대지 조사 들어갈 건데요,1
현재 시간부터 현재 본인이 이용 중이신 모든 금융권 제외하고요,1
저희가 이제 2차적으로 대포통장이 유출돼서 사용될 수 있다는 명분 하에 모든 금융권은 거래 중지 요청 올려드릴 거예요,1
저희가 제외하고 모든 금융권 현 시간부터 거래 정지 요청 올려드리겠습니다,1
모든 금융권 거래 정지 요청을 다고요,1
새마을금고 본인께서 일반 2층 통장 몇 개 이용 중이신가요 현재 혹시 적금이나 주택 청약 펀드 마이너스 통장 이용 중이신가요,1
현재 본인 잔액 어느 정도 금액 있으신가요,1
본인 계좌에 근데 지금 본인 새마을금고만 이용 중이시라 진술하신 게 맞으시죠 본인 명의로는 지금 이거밖에 없으시다는 거죠,1
부모님이 관리하시는 금융권이 있으신가요,1
개인 정보 유출로 인한 명예 회원 사건 때문에 좀 몇 가지 확인차 연락드렸고요,1
제가 이번에 불법 도박 사이트 운영 혐의로 검거한 사람이구요,1
 현장에서 지금 본인 명의로 세 가지 금융권의 대포통장이 발견되었습니다,1
발견 당시에는 저희가 일단 금융감독 요청해서 바로 거래 정지 요청 올려드렸고요,1
본인이 없으시니까 이게 개인정보 유출로 인한 명의 도용 사건인지 제가 확인차 연락드린 거잖아요,1
행의 대가성을 받고 타인에게 통장을 판매했는지 같이 연락을 드린 겁니다,1
본인 담당 검사님 통해서 피해 신고 접수 진행하셔야 되는 부분이 있으시고요,1
네 지금부터 모든 통화 내용은 녹취를 진행 될 겁니다,1
녹취 내용은 지금 본인에 대한 개인정보 유출로 인한 명의 병원 사건에 대한 법적 증거 자료로 채택할 수 있는 녹취 내용이시고요,1
녹취는 피해자 입증하기 위해 법원에 증거 자료를 제출할 예정이고요,1
통화하는 과정에서 주변 소음이나 제3자의 목소리 만 19세 이상의 목소리가 섞일 경우 법원에 증거 자료로 채택되기가 어렵기 때문에 통화하실 때만큼은 제가 방금 말씀드린 점 그 점만 유의 부탁드리겠습니다,1
수사 기관은 절대적으로 본인에게 어떠한 개인 정보나 금전을 요구하지 않고요,1
녹취 수사에 앞서서 있는 그대로의 사실만 지금처럼만 진술을 부탁드리겠습니다,1
본인 혹시 지금 계신 위치나 근무 중에 계신 직장이십니까 아니면 자택에 계십니까,1
현재 본인이 은행권에 마지막까지 거래하신 뒤 잔액이 얼마 정도가 남아 있고 본인 계좌가 맞는지 그러니까 얼마 정도의 자금이 형성되어 있어야 본인 계좌가 맞는지 간략하게 설명해주세요,1
본인 앞으로 발생한 명의 도용 고소 건으로 몇 가지 본인께 연락드렸는데 잠시 통화 괜찮으십니까,1
본인에게 개인 정보를 여쭤봤습니까,1
지방검찰청으로 직접 나오셔서 조사받으세요,1
본인 본인 도와드리려고 이렇게 연락드렸는데 지금 뭐 하시는 거예요,1
저희가 현재 검거하는 과정에서 지금 대상이 대포통장과 복제된 신용카드를 압수하였는데 물품들 사이에서 반드시 본인 명의로 된  2개의 금융권 통장을 발견했습니다,1
본인의 통장을 입고 없고를 확인하는 게 아니라요 범죄 현장에서 발견된 본인 명의의 통장에 대해서 연락드린 거예요,1
"최근 개인 정보 유출로 인해서 본인께서는 이용하시는 해당 은행이나 포털 사이트 인터파크나 네이버, 페이스북 같은 포털 매체에서 본인에게 메일이나 문자로 고지 받으신 사실 또한 없으신 건가요",1
보안 매체를 다수로 압수를 하였는데요,1
압수된 범죄 현장에서 지금 현재 본인 명의로 된 농협은행과 하나은행 두 개의 금융권 통장을 저희가 발견했습니다,1
그렇다면 이제 본인께서 최근에 이 삼 년 사이에 본인의 신분증이나 지갑  본인의 개인 정보가 담겨져 있는 여건이나 운전면허증을 따로 분실하시거나 도난 당하신 적 없으십니까,1
최근에 개인정보 유출로 인해서 본인이 이용하시는 해당 은행이나 포털 사이트 인터파크나 네이버나 페이스북 같은 매체에서 따로 메일이나 문자로 고지 받으신 내용 있나요,1
본인을 어떻게 추궁하려고 이렇게 연락드린 게 아니라요 본인 확인하려고 연락드린 거기 때문에 그럼 저희가 이번에 이렇게 본인을 조사할려고 하는 항목이 두 가지가 있는데요,1
본인 명의로 개설이 된 두 개의 금융권 통장을 이용해가지고 불법 사기 입금 계좌로 사용되었습니다,1
일당들에게 고의적으로 돈을 건네받고 본인 통장을 판매나 양도를 하셨는지 아니시면 현재 본인 또한 개인 정보 유출로 인해서 또 다른 피해를 받으신 건지 저희가 그 부분에 있어서 조사를 몇 가지 진행하려고 이렇게 본인께 연락드린 겁니다,1
지점에서 본인 명의로 국민은행과 농협은행 그리고 통장들이 개설됐는데 본인께서 지금 본인께서는 지금 통장에 대해서는 전혀 모르 계셨어요,1
통장에 대해서는 전혀 모르고 계셨고 그럼 올해 초에 혹시 어디에 계셨는지 기억나세요,1
압수한 통장들은 발견된 불법 계좌들 때문에 일단은 발견 즉시 종결 처리 진행을 했어요,1
현재 법적으로 사용하시는 금융권을 제외하시고 나머지 금융권들은 전부 다 절차를 진행을 할 거예요,1
불법 도박 사이트 운영 혐의로 지금 저희가 사람을 검거를 했는데 대량의 신용카드들과 대포 통장들을 압수하면서 그중에 지금 명의로 지금 은행  통장들이 발견돼서 일단 저희가 좀 확인 차 연락드렸어요,1
이번에 개인 정보 유출 사건 관련해서 몇 가지 확인차 연락드린 건데요,1
법 도박 사이트 운영 혐의로 저희가 신용카드들과 대포 통장들을 압수하면서 지금 본인 명의로 은행 통장들이 발견돼서 저희가 확인 차 연락드렸어요,1
통장을 개설하셔서 타인에게 혹시 양도하신 적 있으세요,1
통장을 개설하셔서 혹시 타인에게 양도하신 적 있으세요,1
본인께서는 이 통장에 대해서는 지금 전혀 모르고 계셨구요,1
본인의 개인 정보가 유출되시면서 명의 도용을 당하신 피해자분이신지 저희가 먼저 그 부분을  확인차 연락드린 거고요,1
재판부에 회부가 되실 겁니다,1
이해됐어요? 네 다음  날 재판부에 회부가 되시고 그것도 그거랑 본인께서 인지를 하고 있으셔야 될 사항이세요,1
1차적인 혐의를 벗어났다는 간주 하에 간략적으로 유선상으로 조사를 진행을 해드려서 범인과의 모종의 금융적 거래라든지 혐의점이 없다고 밝혔습니다,1
담당 검사님 이관시켜 드릴 건데 담당 검사님 재량 하에 오늘 내로도 피해자라고 피해자 입증 받으시고 재판부에 회부되는 건 고소 고발 조치 건 취하를 시켜 드릴 거예요,1
본인처럼 혐의가 없는 분들에 한해서만 간략 유선조사를 통해서 피해자라고 입증 도와드리고 있다는 겁니다,1
전반 조사 과정에 대해서 녹취 상태로 다시 한 번 똑같이 질문을 드릴 거예요,1
녹취 파일 같은 경우는 본인 증거 자료로 채택이 될 수 있는 법적 효력이 있는 증거 파일입니다,1
제3자의 육성 소리라든지 기타 소음 잡음 같은 게 심하게 들릴 경우에 본인이 증거 자료로 채택이 되기 힘든 점이 있으니까 그것 좀 유의 좀 해 주시고 본인 위치하신 곳이 어디예요,1
메모지 하나 준비하시고 제삼자가 없는 조용한 곳으로 이동을 해 주시고 저한테 말씀해 주세요,1
명의 도용이라는 건 대부분의 주변 지인을 통해 일어나는 거예요,1
명의도용 사건 조사받고 있어 라고 본인이 제3자한테 말을 하면 될까요 안 될까요,1
서울중앙지검에 첨단범죄 범죄 수사팀 수사관이라고 합니다,1
녹취 시작하도록 하겠으니까 제3자 소리라든지 기타 잡음 소리 주의 좀 해 주시고 유의 부탁 좀 드리겠습니다,1
금융범죄 사기단의 주범을 저희 측에서 검거를 했는데 검거하는 현장에서 신용카드랑 대포통장 같은 게 다량으로 발견이 됐습니다,1
통장 한 점이 본인 명의로 개설돼 있는 통장이 불법 현장에서 같이 발견이 됐고 그리고 해당 금융권을 통해서 좀 확인을 해 본 결과 확인이 돼서 이렇게 아침 일찍 급하게 조사 차원으로 연락을 드린 거예요,1
과거에 통장 개설하셔서 제삼자한테 양도해 주셨다라든지 가족분들한테 빌려주셨다라든지 그런 경험 단 한 차례라도 있으셨습니까,1
명의 도용 사건이 지금 저희 검찰 측으로 사건이 하나 접수가 됐어요,1
몇 가지 확인 차원에 연락을 좀 드렸거든요,1
금융범죄 사기단의 주범을 하나 검거를 했어요,1
검거하는 현장에서 신용카드랑 대포통장이 좀 다량으로 발견이 됐는데 문제가 되는 거는 그중에 통장 하나가 되어 있는 통장이 불법 현장에서 같이 발견이 된 거예요,1
얼마 전에 저희 검찰에서 금융범죄 사기단들을 총 일곱 명 검거를 했어요,1
잘 아시는 분이고 이 통장들은 돈을 주고 샀다 이렇게 진술하고 있는 부분이 있는데 그것도 사실인가요,1
계좌번호는 유선상이기 때문에 말씀드릴 수는 없고 제가 이거 만들어진 지역을 말씀드릴게요,1
주범으로 하는 금융범죄 사기단들을 총 7 명 검거를 했어요,1
사람들은 검거를 하고 사무실 압수수색을 좀 진행을 했는데,1
"사무실에서 압수된 품목들이 대포통장하고 복제된 신용카드, 보안카드 그다음에 위조된 신분증 저희가 수천 장 압수를 했고 그 압수된 물품들을 분류하는 과정에서  명의로 된 농은행 계좌가 두 개 발견됐기 때문에 사실관계 확인하기 위해서 전화를 드린 건데요",1
이게 범죄에 이용된 거기 때문에 더 이상 사용하지 못하도록 다 해지 처리하고 네 그 안에 있던 돈들은 이제 전부 국고 환수 조치를 했어요,1
고가의 항공권하고 상품권  싸게 판다고 올리고 그걸 보고서 연락 오는 사람들한테 명의로 된 대포통장 계좌번호 알려주고 돈 보낸 물건 보내주겠다고 하고 돈만 받아서 가로챈 사기 사건이고 그 사기 사건에 지금 본인 이름하고 대포통장들이 이용이 된 건데 그러다 보니까 김씨 대포통장으로 돈을 송금하신 재산에 피해자분들이 계시잖아요,1
물건 사겠다고 돈을 송금했는데 물건 도착하지 않고 차후에 연락조차 되지 않으니까  사기 사건이라고나 인지를 하고 사기 혐의로 고소 고발을 진행을 한 상태인데 지금 본인이 판매자이기 때문에 이제 고소고발장이 접수가 돼 있어요,1
사건에 전혀 가담한 사실이 없고 오히려 명의도용 당한 신 명의도 피해자가 맞다 피해자 입증 되시게 되면 본인 무혐의 처분 받을 수 있도록 제가 도와드릴 거예요,1
금융감독원에서 온 자료하고 지금부터 하는 진술하고 대조를 해서  통장에 대해서는 계좌 동결 처리 진행하지 않을 건데 직접 계좌 개설해서 본인 사용하고 계시는 금융기관 어디 어디 가 있죠,1
본인 계좌가 맞으시면 정확하게만 진술하시면 저희가 계좌 종결 처리 진행하지 않습니다,1
각각의 계좌가 본인 계좌가 맞으시면 오늘 현재 자로 대략적인 잔액을 기억을 할 거예요,1
본인 계좌가 맞으면은 저희가 계좌 동결 처리를 진행하지 않아야 되기 때문에 대조를 해볼 건데 정확한 금액은 필요 없어요,1
녹취라고 해서 별다른 게 없고 아까 제가 여쭤봤던 질문들을 다시 한 번 녹취에 담을 겁니다,1
녹취에 담을 거고 전화가 끝이 나게 되면 담당 검사님 내선 연결을 좀 해드릴 거예요,1
본인 앞으로 본인 앞으로 나와 있는 공문장도 확인하셔야 될 거고 사건에 대해서 좀 더 상세하게 설명을 해 주실 겁니다,1
잠깐만 자리 좀 피해 주셔서 직장에 계신 것 같은데 전화를 좀 받아주십시오,1
여기는 서울중앙지검의  첨단범죄수사 팀의 수사관이라고 합니다,1
저희 수사과에서 문희경을 중심으로 한 금융범죄 사기단을 검거했습니다,1
검거 당시 현장에서 대량의 체크카드와 대포통장이 발견이 됐는데요,1
명의로 된 통장도 두 구를 저희가 압수를 했습니다,1
수사팀에서 금융범죄 사기단을 검거했습니다,1
검거 당시 현장에서 대량의 체크카드와 대포통장 그리고 복사된 신분증 등을 압수했는데 압수 물품 중에 다시 명의로 된 통장도 저희가 지금 두부를 압수를 한 상태예요,1
저희 쪽에서 전반적인 내용을 조사해 본 결과로는 일단 마치 같은 경우에는 동일 전과도 없으시고 신분 또한 확실하시고 1차적인 혐의점이 그렇게 보이지 않으세요,1
검찰 수사라는 게 저희가 이게 심증 하나만으로는 피해자다 가해자다 이렇게 분류를 할 수 없는 상황입니다,1
피해자 입증 조사는 본인에게 일차적인 혐의점이 없었기 때문에 진행이 되는 거고 추후에 이제 혐의점이 발견이 된다면 그때는 직접 출석을 하셔서 저희 검찰 쪽으로 출석을 하셔서 그때 조사를 받아주셔야 됩니다,1
이 녹취는 본인을 대신해서 법원에 제출될 증거 자료이기 때문에 주위 잡음이나 본인 아닌 제3자의 목소리가 섞이게 될 경우에는 증거 자료로서 효력 발생이 어렵습니다,1
수사 절차상 하는 거니까 협조 좀 잘 해주시고,1
다른 게 아니라 저희 본인과 연루된 명의도용 한 건이 저희 쪽에 접수가 돼서요,1
입금을 유도를 받는데 그 물건을 양도하지 않은 상태로 중간에서 이제 자금만 가로채기한 사건이에요,1
금융범죄 사기 사건으로 분류가 돼가지고 저희 첨단범죄수사부에서 이제 사건 진행을 맡고 있는 건데요,1
인출 사고라는 게 발생이 됐는데 이제 물건을 양도받지 못하고 이제 입금만 한 금전적인 피해를 입으신 피해자분들이 계세요,1
피해자분들께서 이제 고소 고발 조치를 하시는데 이 고소 고발장은 어떻게 접수를 하시냐면은 보통 자신들이 직접 입금한 통장 명의자가 이제 범죄에 가담을 했다고 판단을 해요,1
자신들이 입금한 통장 명의자에게 지금 고소 고발장을 접수를 하고 있는 상황이에요,1
수용 당하신 피해자분들이 역으로 지금 고소 고발 조치가 지금 당하시고 있고  지금 현재 은행 금융권 2개 합쳐가지고 고소고발장이 접수가 돼 있습니다,1
피해자 입증이라는 걸 진행을 받아야지만 해당 안건과는 무관한 피해자로 분류가 되시고 고소 고발장이라는 게 취하 조치가 되시는데 입증을 진행할 만한 증거 자료가 저희 측에 하나도 없기 때문에 이렇게 연락을 드린 부분인데요,1
이 부분을 녹취 기록으로 좀 남겨가지고 저희가 이 녹취 테이프를 본인의 증거 자료로 제출해 드릴 거예요,1
그 증거 자료로 제출을 하면은 채택이 되면 사용이 당연히 되시겠죠 재판상에 제가 이제 본인 담당 수사관인데 제가 녹취 테이프 작성해 드리면 이 사건 맡고 계신 담당 검사님께 이관이 되실 거예요,1
검사님 주의 하에 절차에 따라서 피해자 입증이라는 거 진행을 좀 받으실 텐데 지금 이제 저희가 녹취를 좀 진행하기 전에 그럼 좀 몇 가지 좀 여쭤볼게요,1
명의 도용당하신 피해자분들의 신상 정보만으로도 위조 신분증 통해서 업무 선상 조작으로 통장 개설이 가능했던 거였는데요,1
사건 자체가 금융범죄 사기 사건이기 때문에 저희 검찰 측에서는 금융감독원 측이랑 합동 수사 중에 있습니다,1
본인 명의로 된 계좌 추적이 진행이 될 건데 계좌 추적 후에 본인도 모르시는 계좌 건이 발견 측에서 불법 계좌로 간주를 하고 일차적으로 종결 처리가 들어가기 위해서 사용하시는 금융권 상호명에 대해서만 간단하게 문의해 주세요,1
정상 자금이라고 입증하는 부분에 대해서 제가 자산 설정까지만 해드리고 담당 검사님이 이관되시면 보통 다 확인시켜드릴 조사를 진행할 거니까 너무 걱정하실 필요는 없으신 것 같습니다,1
지난주에 검거가 되셨고 현장님 본인 면허증 부포통장고요 개인 정보가 나오셔서 전화드린 거 저는 서울중앙지검 강력수사팀 조성목 수사관입니다,1
본인께서 직접 통장 개설하시지 않으셨지 않습니까 명의가 도용이 되셨기 때문에 개인 정보 유출로 인해서 피해 보상을 받을 수도 있는 거죠,1
은행 거래하신다 하셨는데 마지막 거래하시고 나셔서 현재 계산에 다른 게 대략적으로 얼마 정도 남아 있어야지 정상적이신 거죠,1
검거 현장에 대량의 신용카드하고 대포통장 압수했는데 그중에 본인 명의로 된 은행 통장이 발견이 되신 겁니다,1
검거 현장에 대령이 신용카드하고 대포통장 압수했는데 그중에 본인 명의로 된 용의로 분하고 신한은행 통장이 발견되신 겁니다,1
본인 명의로 된 은행 불법 통장이 발견돼 실사인을 드린 거예요  정보가 유출되신 거라면 어느 쪽으로 유출이 되셨는지 짐작하는 부분은 없으십니까,1
검거 현장에 대량의 신용카드하고 대포통장 압수했는데 그중에 본인 명의로 된 은행 통장이 발견되신 겁니다,1
본인이 사용하는 은행 계좌로 여쭤보는 게 아니고요 본인 명의로 어제 농협은행하고 신한은행 불법 통장이 발견되셔서 전화 드린 겁니다,1
본인의 신상정보를 도용해서 사용하고 있던 김영석이라는 사람이 검찰에 구속이 됐어요,1
"직원들과 결탁을 해서요 불법 계좌를 개설해가지고 네이버 카페, 중고나라의 결제 계좌로 사용을 했는데요 ",1
중고 물건을 사용 명의 결제 계좌로 송금을 한 피해자들이 물건은 오지도 않고 이제 돈만 일당들이 인출해서 도주를 하니까 계좌 명의자인 당사자를 일당들과 같은 공범인 줄 알고 저희 검찰에 신고를 한 거예요,1
검찰에서 조사를 하겠지만 혹시라도 그래서 이번 사건에 연루된 사실이 있으면 당연히 말씀드린 김형석 일당들은 이제 대부분 금융기관에서 근무했던 사람들이에요,1
국고 나라를 환수 조치를 했는데 이 점에 대해서 본인의 불만이나 이의사항 있으십니까 다른 금융권 직원들이 아직 검거되지 않았기 때문에 검거될 때에 본인 명의의 통장 등에서 발견될 수 있다는 겁니다,1
본인이 진술하신 내용이 금융감독원 조사 내용과 다를 경우 피해자 인증을 받는 데 불리할 수 있음을 알려드립니다,1
본인이 무슨 일을 하는지 안 하는지 그건 저희는 중요한 게 아니고 본인 신고를 당했기 때문에 저희가 연락드리는 거예요 계좌 대포통장이죠 본인 명의로 된 대포통장으로 해서 피해자가 발생이 됐어요,1
확률이 높기 때문에 소환 조사가 아닌 유선 조사가 이루어진 부분이 일단은 본인의 주장대로 피해자가 맞다면 이사 피해가 발생할 수 있는 상황이 무광고 또 다른 피해를 막기 위해서요,1
법적으로 본인이 현재 거래하고 있는 금융권에 대해서 간략하게 진술을 받겠는데 알다시피 저희는 수사기관이니까 계좌번호나 비밀번호 같은 개인 정보는 일체 요구하지 않을 것입니다,1
본인이 직접 방문하시거나 모바일을 통해서 본인 명의로 합법적으로 개설된 금융권은 어디 어디 있습니까,1
검거 현장에서 증거물품으로 다른 차명계좌 등 대포통장과 현금카드를 확보했는데 명의로 된 은행과 증권 계좌가 있어서 전화 드린 것입니다,1
일단은 두 계좌에 대해서는 검거 현장에서 발견되셨기 때문에 본인 동의 종결 처리 시켰고 정지시켰다는 말씀이고요본인의 개인 정보가 유출됐다고 따로 연납받은 적 없다는 말씀인가요,1
제가 왜 이런 질문을 드리냐면 김선재 전직 금융사 지검 출신이고요 제시 기간 동안에 휴면 계좌나 개인 정보 등을 수집해서 불법을 이용한 혐의로 구조 조사 중에 있는 사람이구요,1
제가 여쭤본 이유는 얼마 전에 저희 지검에서 금융사기단을 검거하셨고요 현장에서 증거물품으로 다량의 차명계좌 대포통장과 현금카드를 확보했는데 그중에 본인 명의로 된 은행과 증권 계좌가 있어서 그런것입니다,1
일단은 두 계좌에 대해서는 근거 현장에서 발견되셨기 때문에 본인 동의 없이 동결 처리 시켰고요 지급 정지시켰단 말씀이고요 그렇다면 금융권에서도 본인의 개인 정보 유출 계좌를 따로 입력받은 적 없다는 말씀인가요,1
두 계좌에 대해서는 검거 현장에서 발견되셨기 때문에 본인 동의 없이 동결 처리시켰고 지급 정지시켰단 말씀이고요 금융권에서도 본인의 개인 정보 유출 돼서 따로 연납한 적 없다는 말씀인가요,1
제가 왜 이런 질문을 드리냐면 김선정이나 전직 금융사 직원 출신이고 재직 기간 동안에 휴면 계좌나 개인 정보 등을 수집해서 불법 거래 이용한 혐의로 구속 조사 중에 있는 사람이구요,1
이 중에 개인 정보 유출로 인해 피해를 보신 분도 계시겠지만 반대로 어떤 분들은 일정한 금액을 받고 통장을 양도해 준 분도 계시거든요 본인께서는 타인에게 통장을 판매하거나 양도해 준 사실 같은 거 있으십니까,1
제가 전화드린 건 다름이 아니라 지금 현재 본인께서 이번 사건에 직접적인 가담자인지 아니면 정보 유출로 인한 피해자이신지 확인하기 위해서 1차적으로 유선 조사가 이루어진 부분이고요,1
석 달 전에 하고 기철이라고 같이 저희 사무실에 와서 그래서 5천만 원 빌려갔습니다. ,1
그런데 그 돈은 빌린 것이 아니고 기철이 개 새끼가 빌려갔는데 그런데 그때 당시에 저 기철이 새끼가 만약에 돈을 못 갚으면은 갚아주겠다는 사채 보증을써준 겁니다. ,1
그래서 아들이 누가 아마 쓰고 갚겠다고 해서 그 돈 5천만 원 가져갔는데 아니 두 달 기간이 다 지나고 나서 저희가 조사를 해보니까 생각 밖으로 새끼들이 연락이 안 되더라고요. ,1
저희들도 뭐 뭡니까 친구 귀철이 새끼가 남겨놓은 집 주소까지 다 찾아서 가봤는데 그것도 걔네 집이 아니고 아예 다른 사람 명의로 된 다른 사람의 집이더라고요,1
저희도 어떡합니까 본인을 못 찾으면 에 보증이라도 서줘야 될 거 아니겠습니까? ,1
일단 들어보세요. 아 나도 며칠 기다려보다가 할 수 없이 준이한테 연락을 했는데 친구하고 연락이 안 된다고 연락이 되면은 돈을 꼭 받겠다고 하면서 우리보고 한 일주일만 시간을 달라는 거예요. ,1
일주일 안으로 지가 무슨 수를 써서라도 이 돈을 또 꼭 갚겠다고 하면서 일주일 시간은 줬습니다. ,1
내 전화를 하니까 또 전화를 안 받고 또 다른 전화기로 전화하니까 내 목소리만 들어도 바로 전화를 끊어버리더라고요. ,1
새끼도 보니까 야도 작정하고 나를 피하려고 하는지 모르겠는데 아무튼 나도 오늘 아침에 내 동생한테 시켜서 잡아왔습니다. ,1
나도 솔직히 화가 나서 얘한테 소리도 지르고 겁도 주고 그랬습니다. ,1
그런데 지금 어디 다치거나 부러진 데는 없으니까 걱정을 하지 마시고 우리는 합법적으로 영업을 하고 있는 사채업입니다. ,1
그리고 뭡니까 일단 아저씨 솔직히 얘기해서 사람이 돈을 좋게 빌려갔으면은 좋게 좋게 갚아야 되는 게 사람의 도리 아닙니까 아저씨,1
아저씨도 남자고 나도 남자고 서로 사나이 답게 해결하자는 겁니다. ,1
그렇게 물어보니까 지금 친구 새끼도 못 찾고 돈도 없답니다. ,1
그래서 나도 이 돈을 못 받을 것 같아서 그러니까 저 신체 포기 각서까지 다 작성을 시켜놨어요. ,1
아저씨도 아시다시피 요즘 젊은 새끼 장기들 중에 가하고 콩팥 강마 세개만 떼어내도 우리가 받은 원금 5천만 원 충분하게 나옵니다.,1
아까 저번에 신체 포기 각서 동의서에다가 동의 싸인까지 한 상태고 아이 잘 들으세요. ,1
신체 포기 각서란 말이죠. 채무자가 만약에 돈을 안 가게 되면 법원의 판결을 받을 필요 없이 바로 강제집행 절차를 시작할 수 있는 집행 권한이 우리한테 있는 겁니다. ,1
이번 일은 정확히 확실히 제가 뭡니까?,1
법적으로 잘못한 거 맞습니다. ,1
내야를 안 잡아오면 되겠습니까? 예 저 아저씨 생각해 보세요. ,1
아저씨 남한테 오백만 원을 오백 만 원 오백만 원이 빌려주고 아저씨는 두 발 뻗고 잠이 옵니까? ,1
남의 돈을 빌려갔으면 남의 돈을 갚아야지 좋게 좋게 갚아야 하는데 안 갚자고 이 새끼가 잠수 타고 전화를 피하고 하는데 내 돈 5천만 원 날아가겠습니다. ,1
아저씨도 아까 통화를 해봐서 아시겠지만은 내보고 선생님 제가 한 번만 살려주세요. ,1
지금 아직 나이 드신 부모님한테 효도도 하지 못했다면서 효도할 날도 얼마 안 남았는데 이런 일까지 생겨서 진짜 죽고 싶습니다. ,1
그러니까 제가 한 번만 부모님하고 통화를 하게 해달라고 저한테 부탁을 하더라고요. ,1
지금 아들이 빌려간 돈이 원금이 5천만 원입니다. ,1
그리고 이자가 석 달 기간이 다 만기가 되어서 이자는 지금 487만 7천 원 정도 되고요. ,1
"총 합쳐다가 오늘 아저씨가 대신해 갚아주는 돈이 한 5,500만 원 정도 되는데 오늘 아저씨 지금 5,500만 원 있습니까? 시중에 지금",1
돈도 없으면서 나한테 그런 말을 꺼내고 있습니까? 그럼,1
이거 보세요. 아저씨 입은 삐뚤어져도 말은 제대로 합시다잉. ,1
아저씨 나한테 지금 가르치는 거요 이번 일이 뭐네 씨발 하지 잘못한 거 있지 내한테 뭐라고 뭐라 할 자격이 있어 그 말투 좀 바꾸세요. ,1
내 좋게 좋게 나오는데 아저씨와 아저씨 쪼개서 내라. ,1
경찰을 데려오든 혼자 가던데 가서 해결을 해야 될 거 아니에요,1
미리 확실히 아저씨 지금 그래 오늘 아저씨 아저씨 명의로 통장 잔고 긁어 모아서 오늘 나한테 갚아주시는 돈이 얼마 됩니까? ,1
자꾸 쓸데없는 기한 소리 집어치우고요. ,1
씨발 애새끼 돈 빌려갖고 돈을 안 갚는데 씨발 잘하는 거야? 지금 자기들 태도가 지금 이런 거야,1
이 새끼가 이 사람 안 됐네 이거 내 돈 5천만 원 날아가게 생겼는데,1
5천만 원이 왜 날아가 해주면 될 거 아니야 그러니까 당장 못 해준다 할 뿐이지 해준다고,1
마지막으로 묻는데 오늘 아저씨 나한테 해줄 수 있는 돈이 얼마 됩니까?,1
그냥 우리가 처리하는 방식대로 처리할게요. ,1
아시겠죠? 기회를 드리니까 시발 기회를 아주 좆으로 여기네요. ,1
알겠습니다. 좀 끊어주세요. 수고하시고 이따 내 수술 끝나면 내 집 보내줄게요,1
지금은 은행 시간이 끝났으니까 발급이 안 되겠죠.,1
발급을 좀 하셔가지고 저희가 제작을 해 드려야 돼요. ,1
그 카드에다가 지금 현재 없으시잖아요.,1
하셔도 내일 은행 가셔서 하셔야 되는데 내일 발급하시면 괜찮으시겠어요,1
그냥 발급하시고 나서 이제 저희한테 보내주시면 저희가 제작을 다 해드리는 거죠.,1
번호가 아니라 카드 자체를 원본이,1
농협이나 하나은행 통장이 나왔는데요. ,1
본인 명의로 된 게 본인 알고 계신 거 있으시냐고요? ,1
게 작년 9월에 개설이 됐거든요. ,1
전혀 모르세요? 이게 지금 대포통장으로 사용이 됐고 저희가 알고 싶은게 본인께서 이 농협과 하나은행 계좌를 직접 개설을 하셔서 이 김현준이라는 사람에게 불법적으로 양도를 하신 건지,1
그게 아니시면 이제 본인의 개인 정보 있죠 그 개인 정보가 유출이 되면서 그 명의 도용을 당하신 피해자분인지 그 부분 때문에 확인차 연락을 드렸어요. ,1
명의 등록권에 지금 연류가 되셔가지고 이제 확인 조사를 좀 하려고 연락을 드린 거예요. ,1
네 최근 2 3년 안에 혹시 신분증이나 핸드폰 지가 개인적으로 노출될 만한 거 분실하신 적 있으세요?,1
전혀 그런 거 없으시고 명의 전환권을 알려졌다는 내용이 뭐냐면은 여기 김민수라는 사람 이제 농협 직원이었는데 저희가 이번에 이제 금융 범죄 사기로 검거했는데 검거 당시에 네 고객들이 정보를 유출을 한 건지 어디서 보험을 한 건지 잘 모르겠지만 네 검거 현장에서 이제 대량의 제 통장들이랑 체크카드를 압수해서 조사했어요. 대포통장이랑 ,1
명의로 된 농협하고 신한은행이 발견이 돼가지고 저희가 일단 확인을 하기 위해서 연락을 드렸는데 혹시 통장 양보하시는 거 있으세요? 남한테 빌려주거나,1
네 연락드린 곳은 서울중앙지검에 있는 이태우 수사관이라고 합니다. ,1
네 네 지금 다른 게 아니라 고객님께서 연루된 명의도용 사건이 이제 저희 검찰 측으로 사건 접수가 들어와가지고 제가 몇 가지 조사 차 이렇게 연락드렸거든요.,1
본인 혹시 김재혁이라고 아시는 분이십니까? ,1
모르시는 분이세요? 이 김재혁이라는 사람이 그리고 42세 남성이에요. ,1
주변 지인을 통해서라도 들어보신 적 없을까요?,1
래 종합금융입니다. 고객님께서 필요하신 자금 있으시다고 하셔서 연락드렸는데요. ,1
필요하신 금액이 얼마까지 필요하신 거죠?,1
그러니까 고객님이 원하시는 금액이 한도가 어느 정도까지 필요하신 건가요?,1
한 천만 원 정도요,1
러시앤캐시에 지금 500만 원 쓰고 있어요,1
연체는 전혀 없으시죠?,1
네 사장님. 그냥 본인이 직접 움직일 필요 없으시고요. ,1
통장 안에 그냥 그 통장 안에 이제 잔고 없는 통장과 연결된 현금 카드 갖고 계시는 거 있죠? 그냥 현금 인출 카드만 저희 쪽으로 한 달 동안 빌려주시는 거예요,1
본인이 직접 움직일 필요 없으시고요. ,1
왜냐하시면 저희 주로 납품하는 곳이 이제 클럽이나 롬 같은 데로 납품하기 때문에 카드 가지고 이제 결제 받게 되시면 워낙 세금이 많이 나오기 때문에 네 이제 까놓고 그냥 말씀드리면 저희도 그냥 차명계좌 이용하셔갖고 저희 회사 세금을 좀 줄이려고 하는 거예요,1
개인적으로 이제 개인 명의로 저 친구분이 저 통장으로 저한테로 입금하셨는데 그걸 세금으로 잡힐 일은 없잖아요. ,1
그래서 이제 카드 가지고 결제 안 받고 차명 계좌 이용하셔갖고 단순히 그냥 저희 회사 이제 세금 줄이려고 하는 거고요. ,1
그 대신 저희도 이제 수익 나는 데서 이제 사장님들께 한 달에 이제 월 2백60씩 지불해드리는 거예요.,1
만약에 카드 오늘 저희 쪽으로 건네주시게 되시면요. ,1
내일 이제 저희 사무실로 도착하는 대로 카드 비밀번호 만약 틀렸나 확인하시고요. ,1
문제 없으시면 이제 빠르면 내일 바로 결제해 드려요. ,1
비밀번호 맞고 만약에 현금 인출금 카드가 돈 안 분실되거나 그러시면 저희는 결제 못해드리고요. ,1
네 만약에 비밀번호 맞고 아무런 문제 없으시면 내일 결제 가능하십니다.,1
현금을 주시는 건가요? 아니면은 계좌로 놔주시는 건가요?,1
쏴드릴 경우도 있구요. 만약에 이제 한 2개월 정도 거래한다고 하시면 저희 쪽에서는 이제 거의 사장님께서 이제 급여 통장이나 정해진 게 다 혹은 와이프 계좌로 그냥 쌓아달라고 하시면 그 정해준 계좌로 쌓아드릴 거예요. 매달마다,1
사장님께서 그냥 이제 계시는 위치만 말씀해 주시고요. ,1
지금 알바하고 계시잖아요. 그러시면 알바하는 무슨 수원시 만약에 무슨 동까지만 그냥 번지수만 말씀해 주시고 만약에 저희 쪽에서 택배 기사분을 협의해서 보내드릴 거예요. ,1
그럼 비용은 저희 쪽에서 부담해 드리는 거고요. ,1
그 기사 도착하시면 사장님께서 잠깐 나오셨다가 네 카드를 기사분께 건네주시고 톡으로 저한테로 그냥 연락 한 번만 전해줬다고 연락 한 번만 주시면 되는 부분이고요.,1
고객님께서 서민 정부 지원 대출로 대출을 받을 수 있다고 제가 말씀을 드렸는데,1
어디서 하셨어요 이게 정부 업체마다 틀리다고 제가 말씀드렸잖아요. 고객님,1
신용보증을 쓰고 있기 때문에 그거 안 되는 걸로 얘기하던데,1
아니 고객님이 신용 보증을 쓰는 거랑 이거 이거를 정부에서 고객님이 보증을 써주는 거랑 그게 무슨 상관입니까,1
그거는 상관없어요. 고객님 그거는 고객님 그거는 고객님이 전화 지금 다시 전화해서 그쪽에서 안 된다고 그러면 저한테 그 사람 번호를 알려주세요. ,1
아니 안 되는 게 어딨습니까?,1
서민 정부 지원 대출이요 햇살론이요 햇살론,1
아니요 고객님. 햇살론이 한 가지만 있는 게 아니고요. ,1
햇살론도 업체마다 다 방식이 틀립니다. ,1
네 업체마다 다 틀립니다. 그래가지고 저희는 그때 제가 승인 봐드리고 된다고 해가지고 고객님께 행 진행하시냐 안 하시냐 제가 여쭤봤던 거구요.,1
그때 고객님께서 필요하신 자금이 얼마라고 하셨죠,1
고객님께서는 지금 천30 까지 되십니다.,1
서민 정부 지원 대출로 하시게 되면은 5.4%로 연 5.4%고요. ,1
네 연 오 사프로의 고객님께서 잠시만요. ,1
제가 계산을 한번 해드릴게요. 만약 천삼백 되셨는데도 받으시면 다 받으시는 거죠,1
그럼 만약에 대출 기간은 상환 기간은 어느 정도로 해드릴까요? ,1
만약 하시게 된다면 어느 정도가 적당해요 한 2천만 원 받아가시는 분들도 5년짜리 하시는 분들이 있고 10년짜리 하시는 분들이 있고 5년 60개월이요,1
아니요 고객님 이자랑 납입 원금이랑 같이 내시는 겁니다. ,1
원리금을 원금이잖아요.,1
분할해서 내는 거잖아요.,1
같이 고객님이 내주시면 되고요. ,1
한 달에 그래서 다 포함해서 상환금이 이십사만칠천칠백1육 원입니다. ,1
네 고객님께서 총 이자는 백팔십육만 이천구백삼십 일 원이시구요. ,1
네 이 정도면 엄청 싼 겁니다. 고객님 고객님도 아시잖아요. ,1
몇 프로예요 그게 비율이 5 4 프로입니다. ,1
네 네 54프로고요.,1
그래서 오늘 오늘도 고객님 어떤 분이 한 분이 1500만 원을 받아 가셨어요. ,1
그분은 왠지 모르겠는데 일 년짜리로 가져가셨는데 한 달에 115만 원씩인가 낸다고 111만 5천 원씩이나 낸다고 그러고 받아가셨는데 받아 가시는 분도 있고,1
일단 고객님께서 생각 있으시면 제가 바로 진행을 해드릴 수 있는 부분인데 네 제가 말씀드렸다시피 고객님 신용보증재단에다가 재단에서 보증을 서주는 거기 때문에 신용 발급 비용 즉 예치금이 발생을 한다고 제가 말씀을 드렸죠,1
그럼요. 그건 신용 보증을 받은 사람도 상관없는 그게 안 된다는 건 말이 터무니없는 소리고요. ,1
고객님 저도 지금까지 하면서 신용 보증 서 있는 사람들도 엄청 많이 해줬습니다. ,1
고객님 근데 전 그 얘기를 갑자기 들으니까 할 말이 없네. ,1
말도 안 되는 소리를 그쪽에서 해가지고,1
잠시만 예치금을 좀 조회를 해 드릴게요. ,1
잠시만요. 고객님께서 지금 예치금은 삼십팔만 이천오백 원 오백육십 원 예 이게 나오시고,1
그러니까 이거 삼 개월 치 고객님 보증 비용입니다. ,1
보증 비용. 정부에서 고객님을 보증서 주는 비용 그러니까 고객님이 3개월 대출비를 받으시고 3개월 동안 연체가 없으시다. ,1
그러면 4개월 차 때 고객님께서 대출금 수령 받았던 통장으로 38만 2천560원에서 38만 원만 환급을 자동으로 환급을 받으시는 금액이고요. ,1
고객님이 3개월 동안 연체가 한 번이라도 있으시다. ,1
그러면 38만 2천5백60 원 이거는 자동으로 소멸되는 못 받는 돈입니다.,1
이해하셨죠? 그러니까 한마디로 정부에서도 한마디로 정부에서도 고객님들 신용도 높여 드린다. ,1
하도 서민들이 많으니까 신용도 높여드린다. ,1
해서 이런 차원에서 이런 대출 상품이 나온 거예요. 이해는 가셨어요?,1
일단은 상환 기간은 오 년 연이율은 칠 팔 프로이세요.,1
그러시면 한 달에 납부되시는 금액 삼십육만 삼천이백오십 원 납부되실 거고 그러시고 한 가지 알아두셔야 될 게 이 1800이란 자금을 고객님 일반 신용인이 아닌 정부 지원 자금으로 해서 국민들 세금을 고객이 대출 받으신다는 거 그건 알고 있으십시오. ,1
아시겠죠? 그렇기 때문에 일반 신용 승인이 아닌 공증서 발급 등이 나오셨고요.,1
그리고 공증 들어가시는데 한 두 시간 정도 소요되세요. ,1
그냥 양해해 주시고 공증 들어가시는 대로 바로 1800만 원 송금 처리 들어가실 거고 또 공증 내용에는 어떤 게 들어갈 거냐면요 이 1800에 대해서는요 나중에 갚고 계시다. ,1
연체를 하시더라도 파산이나 개인 회생 그런 거 신청 자체가 안 되시는 거예요. ,1
무슨 얘긴지 아시겠죠?,1
무조건 본인이 직접 갚아야 된다는 그런 공증 내용이 들어갈 거고요. 그리고 공증 비용은 50만 2천 원이시고요. ,1
공증 비용은 세 달 동안 연체 안 했을 시에 환급되시는데 만약에 연체 시에는 공정 비용 오십만 이천 원 환급 못 받으시니까 유념하시구요. ,1
세 달 뒤에요 세 달 동안 연체 안 했을 시에만 만약 연체 시에는 환급 못 받으세요. 아시겠죠?,1
서민금융 나들목 상품이 출시된 지 두 달 만에 자금 소진이 팔십프로 이상 된 상태라 보증료 부분은 저희 농협은행 측에서 추가 정부 정책 자금으로 지원을 해드리는 부분이라 고객님께서 부담하실 수수료나 보증료는 일찍 발생되는 부담 비용은 없으세요. ,1
진행 절차는 상담 진행을 통해 대출 신청을 하신 후 2차적으로 한국자산관리공사에서 보증서 발급까지 완료가 되셔서 최종 승인 나시면 고객님이 계시는 지역에 가장 가까운 저희 NH농협은행 지점에 안내를 받으셔서 방문하시고 계약서 작성하시면 대출금 수령이 가능하세요,1
일단은 신청 금액 기재를 해주셨는데 삼천만 원이신데 맞으신가요? ,1
삼천만 원이시고 필요하신 자금 사용 목적이 대환자금 생활자금 사업자금 중에서 어떤 목적으로 필요하세요?,1
대환이시고 생활자금이시고 현재 이용하시는 기존 대출 상품 어디서 이용 중이세요?,1
저기 케살롱인가 그거 하나 받아 있고 캐피탈 현대캐피탈에 이자가 높대요. ,1
그거 하고 그래 있는데,1
이거는 차량 할부는 아니시고 신용 대출로 받으신 건가요? 금액은 얼마나 되세요?,1
얼추 다 갚았고 이제 한 돈 천만 원 남아 있어요.,1
최초 발생 금액은 지금 얼마 정도 되시구요?,1
처음에 2800만 원 받아가지고 이제 거의 다 갚았어요. ,1
다 갚고 이제 지금 800만 원 남았는가 그럴 거예요.,1
지금 천만 원까지는 못 미치시고 800만 원 정도 되시고 땡론 같은 경우에는 금리가 저희랑 그렇게 많이 차이는 안 나세요. ,1
그래서 이제 햇살론으로는 대환자금으로 또 안 나오실 수도 있는데 만약에 생활 자금으로 나오시게 되면 고객님께서 어차피 자유롭게 이용이 가능하시니까 그 부분 상환을 해주시면 될 것 같구요. ,1
지금 현재 직장 다니시나요? 사업자신가요?,1
실례지만 월 소득은 얼마나 되세요?,1
우리는 나이가 많아가지고 연봉이 얼마 안 돼요. ,1
연봉 한 2천만 원 조금 넘습니다.,1
연봉으로 이천만 원 연봉 4천만 원 이상이시면 어차피 이 상품 신청이 안 되세요. ,1
그래서 이제 서민 지원 상품이기 때문에 그러시구요. ,1
일단은 직장도 근무하시고 사대 보험 가능하시고 기존 대출 이용하시는 게 그렇게 많지는 않으셔가지고 한도나 금리 산출은 가능하신데요.,1
하나은행 오셨어요? 일단 거기 무통장 무카드 보이시잖아요,1
50만 원 한 번 55만 원 한 번 이렇게 두 번 나눠서,1
일단 거래용 만들 거고 일단 월요일날은 먼저 사금융부터 대환처리하는 방향으로 해서 진행할 거니까 빨리 금리 낮은 걸로 대환 빨리 하셔야죠.,1
맞아요 고객님 걱정하지 마요. 그런 전화 일초 받지 마시고요. 제가 월요일에는 일단은 햇살 먹는 고객님 뭔지 아시죠?,1
제가 먼저 그거부터 도와드리고 구매할 거니까 저 따라 주세요. ,1
지금처럼 진행하시면 안 되는 것도 되게 하는 제가 있어서 그런 거니까 걱정하지 마세요. ,1
아니 당연히 그렇게 해야죠. 일단은 나중에 고객님 저 같은 경우는 저희 자사권은 대환 처리 되셔야지만 영업 실적 올라가는 거고요. ,1
은행권이 금융사 자체 내에서 전화 오시면 그런 전화 그냥 받지 마시고 제가 월요일부터 일단 확인하고 진행을 해보면 시간이 좀 걸리니까 그니까 미리 전화를 드릴게요. ,1
월요일 오전에 한 10시 반 정도에 전화 한번 드릴게요 고객님.,1
항상 이제 채무가 3개월 이상 쓰셔야 이제 햇살론 진행이 가능하시거든요.,1
저희 햇살론 특성상 채무가 삼 개월 이상 이제 쓰셔야 햇살론 진행이 가능하시거든요. ,1
이제 삼 개월 치 안 되시는 이제 채무가 있으셔서 이 부분에 이제 문제가 생기신 겁니다. ,1
고객님께서 이제 어떻게 이제 세람하고 이제 페퍼저축은행 같은 경우는요 이제 이쪽을 이제 이제 정리를 해주시고 저희 쪽 자금을 받아보시는 건 어떻겠어요 고객님,1
이 두 개가 이제 걸리시는 거죠 저희 쪽에 어떻게 이제 고객님이 이쪽을 정리해 주신다 하시면 저희 쪽에서 바로 진행 가능하시고 이제 오늘 안으로 이제 바로 송금 가능하시니까,1
근데 이제 세람하고 페퍼저축은행이잖아요. 이쪽에서 이제 한 군데만 이제 정리를 하셔도 저희 쪽에서 자금이 나가거든요.,1
이제 고객님 같은 경우는 이제 이제 두 군데를 가지고 계시잖아요. ,1
근데 이제 고객님이 이제 이제 대출을 받으시는 게 필요해서 받으시는 건데 돈이 없어 없어서 받으시는 건데 두 개 다 정리하시기는 좀 어려우실 거 아니에요 그러시니까 이제 한 군데만 우선 정리를 해주시면 저희 쪽에서 자금이 무리 없이 나가거든요. ,1
근데 이제 이렇게 보시면은 금액도 금액이다 보니까 이제 좀 크신데요. ,1
금액이 500만 원이시잖아요. 지금 이자만 납부하시고 이제 페파 같은 경우는 이제 원리금 균등 분할 방식으로 이제 내시구요,1
아니요. 고객님. 그러셔 봤자 어차피 이제 세람을 이제 고객님께서 갚아버리시잖아요. ,1
그러셔도 이제 페퍼저축은행이 저희 쪽으로 오게 돼 있어요. ,1
대환이 돼요. 제가 말씀드리는 거는 한 군데만 정리하셔도 이제 페퍼저축은행이 저희 쪽으로 이제 대환이 가능하시다고 말씀을 드리는 거예요. 이제 고객님께서 이제 세람을 이제 잠시만요. ,1
이게 5백만 원이시잖아요. ,1
만약에 정말로 힘드시다 하시면 제가 우선 과장님한테 말씀을 올려서 이제 이거 이 부분이 너무 힘드시다 하셔서 아니면 그냥 일부만 변제하시겠다 하셨다 이렇게 말씀을 드릴 수 있으세요,1
네 어떻게 고객님 이거 변제 가능하신 건가요?,1
많이 힘드세요 이제 그러니까 이제 일부만 변제하시면 되세요. ,1
이제 우선 먼저 일부를 변제하신 다음에요. ,1
고객님께서 이제 연체를 안 하시겠다 하에 이제 저희 쪽에서 진행이 가능한 거니까요.,1
우선 지금 나오시는 부분에서 이제 3분의 1이죠 이제 150만 원 먼저 이제 일부 납부와 주시고요. ,1
변제해 주시고요. 이제 변제 잠시만요. ,1
이제 150만 원 먼저 변제하시고 이제 그리고 고객님께서 이따가 과장님한테 지금 전화가 가실 거예요. ,1
그러면 그때는 연체 안 하시겠다. 이렇게 말만 잘하시면 무리 없이 이제 그냥 오늘 안에 한 네시 한에까지는 자금이 나가시구요.,1
신용 평점이라는 게 어떤 방법으로든 당일날 바로 상향시키는 건 불가능한 정상적인 방법으로는 불가능하거든요. ,1
그렇기 때문에 저희 쪽에서는 이제 우회적인 방법을 통해서 당일 상향을 도와드릴 거거든요. ,1
그렇기 때문에 고객님께서 정확하게 인지를 하셔야 되고요. ,1
일단은 고객님 쉽게 생각하시면 됩니다. ,1
제가 어렵게 딱딱하게 말해서 어렵게 생각될 수도 있지만 이게 이제 정상적으로 어떻게 올라가는지 알고 있으면 우회적인 방법으로 어떻게 올라가는지 이해 금방 되시니깐요 제가 말씀 한번 드리겠습니다. ,1
일단은 정상적으로 신용평증이 올라갈 수 있는 방법은 고객님께서 예를 들어서 어떤 금융사에서 대출을 받으셨을 때에 계약 기간이 대출은 설정이 되기 때문에 3년이라고 만약에 설정이 된다면 이 3년의 계약 기간 동안 연체 없이 상환을 하고 나서 정상적으로 계약 완료가 돼서 납부가 다시 끝났을 경우에 신용 평점이 올라가세요.,1
근데 고객님 하루 만에 평점을 보완해야 되지 않습니까? 그래서 우회적인 방법이 필요한 거고 우회적인 방법으로 가장 확실한 방법이 강제 상환 방식이라는 게 있습니다. ,1
강제 상환 방식이 정상적인 사용 방법은 어떻게 되냐면 고객님이 금융사랑 마찰이 빚어졌거나 또는 대출 받고 나서 문제가 생겼을 때에 고객님께서 이제 금융사에다가 문제 해결을 해달라고 클레임을 걸 경우에는 그런 문제 해결을 해달라고 했을 경우에 금융사에서 무시하는 경우가 허다해요. ,1
근데 이제 그런 부분에 대해서 고객들이 피해를 보면 안 되지 않습니까? 그렇기 때문에 이제 은행연합회 이제 금융사 위에서 은행들 관리하는 은행연합회 쪽에서 그 클레인 불편사항들을 접수를 해줍니다. ,1
그 불편사항이 접수돼서 이게 고객님께서 그 불편사항이 해결이 되면 강제 상환 이게 대출사에서 대출 자금을 받았었는데 받았으니까 내가 잘못된 부분이 있을 시 아닙니까 맞죠? ,1
그러면 이 강제 상환이라는 방식을 통해서 이자나 중도상환 수수료 또는 고객님 신용상의 불이익 안 받고 상환 처리를 할 수 있는 방법이거든요. 이 부분을 적용을 해서 저희가 도와드릴 수가 있어요. ,1
이게 정부 지원 상품이라서 저희가 조금 월권 행사를 할 수 있는 부분인데 고객님께서 저희가 고객님께 적용을 해 드리는 이 방법을 고객님께서 가장 빠르게 받으실 수 있는 금융사에서 대출을 받으신 다음에 해당 대출 금액을 이용을 하시는 게 아니라 당일 날 바로 은행연합회 전산에다가 저희가 올려드릴 거예요. ,1
저희 농협 고객인데 저희 쪽에서 이 대출 받아가려고 하고 있는데 다른 쪽에서 자금이 너무 급해가지고 돈이 너무 급해서 다른 쪽에서 대출을 잘못 받았다. ,1
강제 상환을 이제 할 수 있게 허가 승인을 내려달라고 할 거예요. ,1
그러면 허가 승인이 떨어지면은 담당자가 배정이 될 수 있거든요. ,1
강제 상환 처리하실 때 전산상으로 고객님 오늘 빌려서 오늘 갚으시는 거지만 전산상으로는 평점이 올라갈 수 있게 정상적인 대출 이용 계약 기간 3년이면 3년 전부 다 이용을 하고 완납 처리하신 것처럼 서류를 작성해서 전산에다가 등록을 해 드릴 겁니다. ,1
그러면 평점이 올라가시거든요 그렇게 해서 저희 쪽에서 보증서 발급이 가능하면 대출 지급을 해드릴 수가 있어요. ,1
제가 말씀드린 부분에 대해서 이해 안 되시는 부분 혹시 있으십니까?,1
절차는 복잡해요. ,1
근데 간단하게 딱 포인트만 집어드리면요. ,1
지금 평점이 부족하기 때문에 다른 데서 대출 받아가지고 당일날 그쪽으로 다시 갚으시면 되는데 평점 상향 위해서 중간에 하나만 걸치면 된단 말입니다. ,1
그러면 이제 그 담당자를 통해서 강제 상환 처리를 하시고 그 담당자가 강제 상환 처리한다고 편증이 올라가는 건 아니고요.,1
알아보시고 연락 주시면 안 되실까요? 제가 다시 붙잡고 있을 수는 없잖아요.,1
그건 알고 있으세요 그랬기 때문에 고객님 제가 최대한 고객님 앞으로 지금 하고 있잖아요.,1
지금 바로 고객님 앞으로 입금 처리를 해 드렸는데 고객님 코드상으로 고객님 막혀버려가지고 못 해드려요. ,1
그 때 입금도 못하고 지금 있잖아요. 사람마다 전산상으로 주어진 코드가 있단 말이에요. ,1
그래서 고객님께서 지금 고객님 막혀버리는데 그거 푸셔야만 고객님 대출금을 받아보시는데,1
아니 고객님 왜 취소를 하십니까 고객님 지금 다 되시는 부분을 고객님 저희가 처리해 드리겠다고 하시는데,1
너무 아까운 면이시잖아요. 아깝고 친구도 있으시고요. ,1
그럴 리 있나요? 지금 자금이 다 나오셨는데 그냥 주시면,1
아니 고객님 저희가 전산상의 코드가 전산상으로도 고객님 5천만 원이 지금 물러 있단 말이에요.,1
그렇게 되시면 저도 얼마나 좋겠습니까 리가 있으면 얼마나 좋겠습니까 제가 그렇게 해 드렸죠,1
저희가 그런 권리가 있으시면 참 좋겠습니다. ,1
다른 사람 통장에 들어가서 막 돈 빼고 막 그랬으면 좋겠습니다.,1
넣어주는 분이지 뺄 줄은 모르십니다 고객님,1
고객님 이거는 푸는 데는 시간이 얼마 안 걸리세요.,1
그러니까요 고객님 정확하게 내시면 4시 안으로 연락드린다고 하셨잖아요.,1
고객님 앞으로 지금 다섯 명 정도 제가 입금해 드리고 나서 고객님 순번에 돌아오시니까 제가 입금 취소는 했잖아요. ,1
그럼 저도 안 한 건 아니세요?,1
고객님. 그 저 팀에 이성규라고 하는데요. ,1
일단 제가 좀 설명을 좀 드릴게요. 저희가 이제 대출이 나갈 때는 약 천만원 대출 나갑니다고 저희가 이제 금감원 쪽으로 의무적으로 신고가 들어가는 게 있어요. ,1
근데 최초에 신고했을 때 저희 쪽에 세금 대출이 진행 중이다. ,1
이런 식으로 얘기가 나와서 이 부분에 대해서 이제 이상원 과장님께서 삭제 처리를 도와드린 것 같아요. ,1
근데 문제는 그렇게 해서 구십만 원에 대해서 납부 처리하고 납부 처리하신 다음에 이제 이게 지금 그건 좀 모니터링에 걸리신 것 같아요,1
이게 삭제를 시도하는데 바로 그 담당자 고객님 있지 않습니까? 구자춘 씨 지급 정지 당하고 지금 여러 가지로 지금 문제가 지금 꼬였는데 일단 이거를 지금 바로 풀려면 일단 거기 입금 기록이 있어야 돼요. ,1
근데 이게 지급 정지를 당해서 저희가 이 비용 처리에 대해서 저희가 해명할 방법이 없습니다. ,1
그래서 죄송하지만 이거 90만 원 다시 납부 처리 가능하시면 저희가 일단은 천 90에 대해선 바로 풀어드리고 월요일 날 지금 묶여 있는 금액 90만 원 돌려드리는 걸로 이렇게 처리를 해드릴 수가 있거든요.,1
간단하게 지금 담당자가 지급 정지가 걸렸고요. ,1
지금 삭제는 진행을 못 했습니다. 그래서 다시 한 번 그 이슈에 대해서 입금 기록 잡아주시면 저희가 총 90만 원 바로 내드릴 거고요. ,1
한 30분 안에 그리고 묶여 있던 구십은 저희가 월요일 날까지 처리해 드릴게요. ,1
고객님 구십만 원 다시 보내라고요,1
아는데요. 지금 고객님 안 그러시면 이게 구십만 원이 고객님하고 이상원 과장하고 지금 금감원 방문해서 이 부분에 대해서 두 분이서 대면하고 그 부분에 대해서 해명 처리하고 그래야 90만 원이 지금 돌려받을 수 있는 상황입니다. ,1
지금 대출이 문제가 아니라,1
일단은 고객님 일단은 최대한 한번 알아보고 연락을 주셔야 할 것 같아요. ,1
고객님 안 그러면 지금 이거 지금 대출도 못 나가고 고객님 구십만 원 환급도 안 되게 생겼어요. ,1
지금 담당 팀장은 난리가 났구요. 일단은 거기 한 번 최대한 한번 알아보고 연락을 주세요. ,1
그러면 고객님 이거 월요일 날까지 처리가 돼도 되나요,1
고객님 지금 고객님 입장만 너무 말씀하지 마시고요. ,1
지금 저희가 방법을 찾아보라고 하는 거예요. ,1
고객님께서 이거 만약에 당장 말씀드렸잖아요. ,1
이거 지금 푸는 방법은 고객님 대신 납부하시거나 아니면 고객님하고 이상원 과장하고 금감원 방문하셔가지고 서로 대면은 삼자 대면 해서 이 부분에 대해서 어떻게 처리하든지 다 해명을 해야 90만 원이 풀리든지 대출이 나가든지 한다고요. ,1
지금 이 상황에서 고객님께서 이거 오늘 해야 돼요 이렇게 자꾸 그렇게 말씀하시면 저희가 어떻게 하겠습니까 ,1
그렇잖아요 지금 상황이 월요일까지 괜찮다 하면 제가 방법을 찾아볼게요.,1
성함이 어떻게 되세요? 바로 확인해 드릴게요. ,1
잠시만요. 여보세요 네 본인 받으실 우편물은 여권이시고요. ,1
지난달에 신청하신 미국 관광 기자가 지금 거부된 것으로 확인이 되시는데 본인이 신청하신 건 맞으시죠?,1
지난달 4월 이십팔일 날 신청하신 미국 관광비자가 전화 지금 거부되셔서 확인 전화 가신 거 같은데 본인이 신청하신 거 맞으시죠?,1
4월 이십팔일 날 미국 관광 비자 신청하지 않으셨어요?,1
그러면 혹시 최근에 신분증이나 여권 같은 걸 잃어버리신 적은요?,1
그런 적도 없으시고 그럼 제가 볼 때는 이게 신청하지 않으신 미국 관광지사가 신청된 걸로 봐서는 정보가 유출이 돼서 다른 사람으로 인해서 어떤 불법적으로 악용이 되신 것 같은데 혹시라도 본인 개인 재산이나 신용상에 또 다른 피해가 갈 수 있기 때문에 일단은 저희 쪽에서 바로 신고 조치를 해 드릴 거고요. ,1
신고 접수 되시면 관할 경찰서에서 확인 전화 갈 건데 보시면 본인이 신청하신 게 아니시라고 이렇게 잘 설명하시면 되시고요. ,1
일단 지금 바로 신고 접수되시니까 전화 오는 거 잘 받아주시고 있는 사실 그대로만 잘 설명하시면 바로 아무런 피해 없게끔 바로 처리되실 겁니다.,1
그리고 지금 신한은행 같은 경우는 어쩌면 지금 마지막 계좌가 아직도 결과가 안 나왔다는 것은 이 계좌에서 아무래도 돈 세탁 기록이 있을 것 같은데요. ,1
이 돈 세탁 기록이 있다고 해서 선생님이 범죄자라는 것이 아니라 만약에 범죄자라면 벌써 저희 측에 이미 연락이 왔을 텐데요. ,1
해외에서 선생님 통장으로 돈 세탁 기록이 있었을 것 같습니다. ,1
다른 ip에서요 다른 해외 ip이기 때문에 선생님을 추방하는 거 아닙니다. ,1
아시겠죠? 만약에 국내 ip라면 선생님께서 이런 범죄자들 앞으로 돈 세탁을 해 드렸다고 저희가 판단을,1
아마도 제가 봤을 때는 이제 돈 세탁 기록이 나올 것 같습니다. ,1
한 3 400만 원 가까이 아니면 1천만 원 가까이도 세탁 기록이 나올 가능성이 있고요. ,1
지금 같은 경우는 지금 김성철 씨도 모르신다고 말씀하셨죠,1
서울중앙지검 첨단범죄 수사 1팀의 김지훈 수사관입니다. ,1
통화자분인 씨가 맞으십니까? 경주 출신 사십이세 남성 김동희를 전혀 모르십니까?,1
2014년 8월 17일 도 혹시 특단 지점에서 농협과 하나은행 통장을 본인이 직접 개설한 사실이 있습니까?,1
지방경찰청 경제범죄수사팀 김태우 경장이고요. ,1
지난 2013년 3월 4일 오후 2시 30분경 농협 계좌를 계산한 사실은 있습니까?,1
없단 말씀이고 지난 2014년 3월 3일 오후 1시 30분 정도에 국민 계좌를 계산한 사실이 있습니까?,1
그럼 타인에게 통장을 판매하거나 아니면 양도해 준 사실이 있습니까?,1
그리고 은행을 할 때 우리 인터넷뱅킹이나 텔레뱅킹을 이용하십니까?,1
사건번호 2005 김창호 명의도용 사건이고요. ,1
저는 이씨 사건을 담당하고 있는 서울중앙지검에 지능범죄수사1팀 박태중 수사관입니다. ,1
여기선 씨 명의로 된 통장이 불법 현장에서 나왔기 때문에 본인이 직접 개설을 하셨던지 아니면 도용을 당하셨던지 현장에서 나온 불 통장은 저희 쪽에서 동결 처리를 시켰어요. ,1
여러분 본인께서는 이제 이 두 통장 외에 본인이 직접 개설하신 통장을 어디 어디 은행권에 개설을 하셨습니까?,1
현재 본인 명의로 된 이제 통장이 있을 거 아닙니까? ,1
본인이 직접 개설하신 거 은행 상호명만 간단하게 진술을 해 주십시오.,1
여기 수원지방검찰청입니다. ,1
저는 금융범죄 수사1팀의 김철민 수사관이고요. ,1
다름이 아니구요. 현재 저희가 지금 수사 중인 사건에 몇 가지 본인한테 확인할 부분이 있어 연락드렸습니다. ,1
혹시 불법 인터넷 도박 사이트를 운영하였던 김영수라는 사람 아십니까? 만 35세 남성인,1
처음 듣는 겁니까? 그럼 본인이 혹시 불법 인터넷 도박 사이트에 가입하신 적 있습니까?,1
혹시 불법 인터넷 도박 사이트를 운영하였던 만 35세 남성인 김용수라는 사람 아시는 겁니까?,1
"모른단 말씀이시죠? 왜냐하면요 저희가 지난달에 서울 마포 지역에서 제보를 받고요. 만 35세 남성인 김용수 일당을 검거했는데 검거 현장에서 대량의 대포통장, 보안 카드 등을 압수했습니다. ",1
그중에 본인 명의로 된 신한은행 계좌고요 농협은행 계좌가 포함이 되어서 사실관계 확인해서 제가 지금 연락드린 겁니다.,1
출신의 사십이세 남성 김영철을 알고 계십니까? ,1
전혀 모르시고 2014년도 11월 12일 그래서 우리은행 통장 계산한 사실 있습니까? 우리은행 통장 건에 대해서 계산한 사실 없다라고 진술한 거 맞으십니까?,1
일단 우리은행 통장 자체는 불법 현장에서 발견되는 계좌 건이라서 개설을 하셨던지 김양철 일당들이 불법적으로 명의를 도용을 해서 개설해서 사용을 하고 있었던지 모두 다 동결 처리를 진행을 했습니다.,1
이에 대해서는 본인 스스로 개선한 게 아니라고 진술을 하셨으니 이의 없으시겠죠,1
지금 이제 이제 전달을 하셨으니까 역추적이 진행이 될 때까지 30분에서 한 한 시간 정도가 소요가 되세요.,1
남는 시간이 있는데 이 긴 시간 동안 제가 좀 아저씨한테 진술을 좀 받을 부분이 있어요. ,1
수사관과 약속도 잡아야 되시고 본인께서 영수증 사용하신 부분 있죠?,1
저희가 또 다 진술 받아야 되니까 메모가 좀 편하신 곳 있죠? 메모하기가 좀 편한 곳 커피숍이라든가 사람이 없는 곳 있죠 부모님 안 계시는 곳 집은 안 된다는 거예요. ,1
그러니까 커피숍이라든가 이렇게 조용한 곳에 이동하셔서 ,1
김재영 일당들이 중고나라나 사이트를 통해서 고가의 물건을 값싸게 판다고 글을 올려놓고 돈을 입금을 유도한 뒤에 물건을 양도하지 않아서 발생한 사건인데 여기서 또 문제가 되는 게 본인의 통장이 앞서 하는 제휴 통장 네 그 통장도 실질적으로 범죄에 해당이 됐습니다. ,1
김지혁 일당들이 그 통장으로 돈을 입금을 다 했다는 말이에요.,1
그래서 그 통장으로 인해서 피해 보신 피해자 7분들이 계신데 그 피해자분들께서 그 계좌 건을 사기 계좌 건으로 본인 앞으로 고소 고발 접수가 들어간 상태요. ,1
그렇기 때문에 지금 본인께서 피해자라면 피해자 입증을 받으셔야 되는 부분인 거고요. ,1
연락드린 곳은 서울중앙지검에 김정모 수사관이라고 하는데요. ,1
연루돼 있는 명의도용 사건이 지금 사건 접수가 된 게 있어가지고 몇 가지 확인 차원으로 연락 좀 드렸어요. ,1
명의 도용 사건으로 접수된 게 있어 갖고 연락을 드린 거고요. ,1
본인 혹시 김재혁이라고 알고 계시는 분이십니까? 42세 남성이에요. .,1
제가 김재혁 관련해가지고 왜 질문을 드렸냐면요 김재혁이라고 우리가 금융범죄 사기단의 필두를 지금 하나 검거를 했어요. ,1
이 검거하는 현장에서 대포 통장이 좀 다량으로 발견이 됐는데 문제가 되는 거는 그중에 통장 하나가 명의로 개설되어 있는 통장이 불법 현장에서 같이 발견이 된 겁니다.,1
네이버에 중고나라 사이트 아시죠? 이용해보신 적 있으세요? 어떤 사이트이신지 아시죠?,1
그 중고나라 사이트에서 김재호 일당들이 고가의 물건을 싸게 판다고 매물을 올려놓고 제2은행 통장으로 입금을 유도한 뒤에 자금만 인출하고 도주 잠적한 상태고요. ,1
물건을 보내지 않았기 때문에 피해자들이 발생을 했고 총 피해자 일곱 분의 한해서 본인 앞으로 사기 계좌 고소 고발 접수가 된 상황입니다. ,1
지금 현재 전국적으로 이처럼 연루되신 분들만 180여 명 이상 연루가 되어 있고요. ,1
이번 사건에 1차 혐의가 있으신 분들은 저희가 구속영장 발부해서 지금 구속 중에 있습니다. ,1
여기서 1차 혐의가 뭐냐면 통신 기록으로 저희가 1년 6개월간 조회를 했을 때 김지혁 혹은 그의 일당들과 통화 내역이라든지 문자 내역이 발견되지 않았기 때문에 1차 혐의가 없다고 저희가 판단해서 전반적인 수사 과정을 녹취로 진행 도와드릴 거예요.,1
금융범죄 사기라면 저희 쪽에 검거를 했습니다. ,1
근데 그 현장에서 대량의 신용카드하고 대포통장이 발견되었는데 그중에 본인 명의로 된 통장 한점이 같이 발견되서 이것때문에 저희가 확인차 연락드린거에요.,1
사십이세 남성 김재혁을 알고 계십니까? ,1
2014년 11월 7일경 통해서 이 통장이 개설이 되었습니다. ,1
이 사실을 알고 계셨습니까? .,1
이 계좌는 저희가 불법 현장에서 압수했기 때문에 네 동결 처리와 동시에 국고로 환수 조치했습니다. ,1
이 부분에 이의 있으십니까?,1
현재 기준점은 본인이 피해 보시는 건 없으시고요. ,1
일단 본인 피해자인지 가해자인지 저희가 파악을 해야 되는 부분이고 지금은 중립적이신 분이기 때문에 저희가 여쭤보는 거예요. ,1
왜냐하면 저희 쪽에선 강압 수사를 안 하고요. ,1
왜냐면 본인이 가해자였으면은 영장 발부해서 구속 조사를 할텐데 본인이 일단 중립적인 신분이기 때문에 동의를 구하고 저희 쪽에서는 여쭤보는 거예요. ,1
좀 조용한 곳으로 이동하셔가지고 좀 조사 좀 받으시면 좋으실 것 같은데 조사라는 것보다는 우선적으로 몇 가지 질문을 좀 드릴 겁니다. ,1
사건에 연루가 되어 있으신 건지 명의도용을 당하신 건지 그 후에 이제 검사님께 이관이 되실 거고요. ,1
검사님께 이관이 되시면 공문을 열람을 시켜드릴 거예요. 서울중앙지검입니다,1
우선적으로 김영철이라고 해서 불법적인 금융거래 사기단들인데 옥션이나 지마켓이 대중교통 쇼핑 사이트에다가 고가의 상품을 올려놓고 굉장히 싸게 판매를 합니다. ,1
그러다 보니까 이제 소비자분들께서 많이 구매를 하시는 편이신데 네 돈을 보냈는데도 불구하고 지금 소비자분들께서는 아무도 물건을 받지 못 하고 있는 상태고 소비자분들께서는 나는 계좌 이체를 돈을 즉 돈을 보냈는데도 불구하고 물건을 받지 못했다라고 해서 신고를 했고 그 신고 계좌 건이 지금 본인 거라는 거예요.,1
렇기 때문에 본인이 오늘 안으로 피해자 입증을 받아야 되는 부분이시고요. 이해가 되시나요?,1
지금 저희 검찰에서 본인에게 연락을 드린 정확한 이유는요 불법 현장에서 본인 명의로 된 제1은행 통장이 발견이 됐기 때문에 이 통장 출처 여부에 대해서 조사를 좀 진행을 해야 돼요. ,1
본인이 직접 통장을 만들어서 김지혁 일당들에게 금전적인 대가를 받고 통장을 판매 및 양도를 하신 건지 아니면 본인 개인 정보가 유출이 되면서 명의 회원을 당하신 피해자분이신 건지 진위 여부를 가리기 위해서 이렇게 조사 차 연락드린 거고요.,1
지금 본인은 피해자도 가해자도 아닙니다. ,1
지금 중립적인 조사자 신분으로서 지금 조사를 받고 있는 거예요. ,1
"혹시 그럼 최근 2, 3년 사이에 개인 정보가 유출이 될 만한 신분증이라든지 지갑, 여권, 핸드폰 등 도난이나 분실하신 적 있으십니까?",1
안녕하세요 부산고등검찰청 형사1부 김나영 수사관입니다. ,1
다시 확인할 네 몇 가지 확인할 사항이 있어서 연락드렸는데 통화 가능하십니까?,1
"혹시 최근 1년 사이에 신분증, 면허증, 요건 등을 분실하거나 타인에게 양도하신 적 있으십니까?",1
개인정보 유출 건 때문에 몇 가지만 여쭤보겠습니다. ,1
42세 남성 이승철 씨를 혹시 알고 계시는 겁니까?,1
그 지금 강상호 씨는 네 통장을 돈을 주고 샀다고 진술을 하는데 본인께서 강상호도 전혀 모르신단 말씀이세요? ,1
본인도 알다시피 금융거래 실명제 원칙에 따라 통장을 개설하려면 본인이 직접 신분증을 지참하고 해당 은행에 가셔야지만 통장이 발급되지 않습니까?,1
본인이 모른다고 해서 무마되는 사건은 아니구요. ,1
본인 입장도 이해를 하고 황당할 수 있겠지만요. ,1
이번 사건은 강상호라는 사람이 불법 도박 사이트를 운영하면서 대포통장이 필요하니까 조 씨 본인을 포함한 전국의 130여 명의 명의자들에게 통장을 구매했다고 진술을 해서 연락을 드리는 부분이고요.,1
만약에 저희가 조사를 했을 때 본인이 진술하지않은 은행 계좌가 나왔을 경우 모두 불법자들이 개설를 해서 이용한 걸로 간주가 되기 때문에요 모두 동결 처리해 드릴 것입니다. ,1
동의하시죠? 만약에 본인께 진술하지 않은 은행 계좌가 나왔을 경우 모두 불법자들이 계좌를 해서 이용한 걸로 간주가 되기 때문에요. 모두 동결 처리해 드릴 것입니다.,1
농협 계좌도 하나 있어요,1
더 없으시죠 제가 본인 재산 재산 보고 신청서에 신청 등록해 드려야 되거든요,1
김승재라고 아시는 분이십니까? ,1
다름 아니고 얼마 전 저희 검찰에서 김승대 주범으로 된 금융범죄 사기 집단을 저희가 검거를 했는데 현장에서 지금 본인 명의로 된 기업은행 통장이 발견돼가지고 수사 중에 있으시구요. ,1
본인 앞으로 연락드린 이유가 통장을 본인이 직접적으로 개설을 하셔서 김승재 씨한테서 대가성을 받고 통장을 넘긴 건지 아니면 본인 개인 정보가 유출되면서 도용을 당하신 피해자 분이신지 이 부분을 저희가 조사하려고 연락드렸습니다. 무슨 말씀이신지 이해되십니까?,1
그러시면 제가 본인에게 사건 계획에 대해서 간략하게 설명 조정 드리겠습니다. ,1
이번 저희 수사팀이 디지털을 중심으로 한 금융범죄 사기범을 검거했습니다. ,1
"당시 검거 현장에서 다른 통장, 보안카드, 신분증 등을 압수했는데 박스 물품 중에 본인 명의로 된 농협 국민은행 계좌가 포함돼 있었습니다.",1
말씀드렸다시피 저희 측에서 본인에게 연락드린 전반적인 이유가요. 본인께서 이렇게 대가성에 돈을 받고 이 부통장을 판매하신 개별 양도 혐의에 가해자이신지 그게 아니라면 본인이 본인도 모르게 명예로 도용을 당하고 본인 모르게 상장까지 개설 당한 금융범죄 피해자신지 이 부분 확인차 연락드렸거든요.,1
저희가 압수한 통장을 해당 은행 측과 대조를 해 본 결과 확실히 본인의 명의로 된 통장임을 확인했구요. ,1
오늘 연락드린 이유도 본인이 이 통장을 직접 개설하셔서 김문식 일당한테 금전적인 대가를 받고 판매를 한 건지 아니면 양도를 해 드린 건지 명의가 도용이 돼서 아니면 피해를 보신 건지 확인을 위해 연락을 드렸고요.,1
계좌번호는 저희가 수사 기관이라서 발설이 어려운 부분이구요.,1
130여 명의 명의자들에게 통장을 구매했다고 진술을 해서 연락을 드린 부분이고요. ,1
통화를 하다 보면 몇몇 분들은 돈을 받고 판매하신 분들도 계셔서요. ,1
확인차 연락을 드리는 부분입니다. ,1
근데 고객님께서는 전혀 통장을 판매하신 적 없다는 말씀 ,1
참고로 말씀드리면 행위 관한 법률에 의하면 통장을 타인에게 삼 년 이하의 징역이나 삼천만 원 이하의 벌금형에 처하게 다는 걸 알고 계셔야 되고요. ,1
그런 거에 대해서 전혀 아는 바 없다는 말씀 알겠습니다. ,1
우선은 김 씨가 이번 사건에 연루된 혐의가 있기 때문에요. ,1
저희 검찰로 조사를 받으셔야 하는데 지금 근무 중이십니까?,1
오늘 저희가 본인 앞으로 연락을 드린 이유도요. ,1
지금 선생님께서 이 두 계좌를 직접 개설을 해서 김영수 쪽에 혹시 대포통장으로 팔아 넘기셨는지 아니면 본인의 개인 정보가 유출이 돼서요. ,1
지금 본인께서도 명의도용을 당하신 건지 그 부분에 대해서 확인을 하려고 연락을 드렸구요. ,1
일단은 그러면 선생님 말씀대로면 지금 본인께서도 지금 명의 도용을 당했다는 말씀이신데 혹시 작년에 있잖아요. ,1
본인의 주민등록증이나 운전면허를 분실했거나 타인에게 빌려주신 적은 있으십니까?,1
지난달에 들어오셨다고요. 계속 해외에 계셨습니까? 그러면 왜냐면 이게 있잖아요. ,1
선생님 이번에 저희가 이백 명 가까이 피해자가 나왔거든요. ,1
지금 연루되신 분들이 이백 명 가까이 되신 근데 그중에 실제로 생활이 좀 어렵다 보니까 통장을 세 개씩 막 만들어서 파신 분들도 확인됐고요. ,1
그리고 선생님처럼 만들지도 않았는데 이게 그 통장이 발견되신 분들도 확인이 되셨습니다.,1
그래서 일단은 만약에 그 명의 도용으로 인해서 통장이 만들어진 거라면 나중에 또 이게 이차적으로 삼차적으로 본인한테 피해가 갈 수도 있는 상황이 올 수도 있거든요.,1
전화드린 이유는요. 정확히 피해자인지 가해자인지 그 부분에 대해서 지금 정확히 조사하기 위해서 연락을 드린 거구요. ,1
이해되시죠? 서울중앙지검이구요 첨단범죄 수사일 팀 네 이민아 수사관입니다. ,1
중앙지검으로 전화해볼게요.,1
전화 확인하시고 저희가 본인 앞으로 소환장 작성해서 보내드릴 테니깐요. ,1
지정된 시간까지 서울중앙지검으로 나오셔서 소환 조사 받으시면 됩니다.,1
저희 이쪽은 지금 이번 사건은 본인뿐만 아니라 전국에 백팔십 명 정도가 연루되어 있구요. ,1
많은 분들이 연루되어 있는 부분들 가운데서 저희가 지금 동시에 수사를 진행하다 보니까 전부 다 서울중앙지검으로 나오셔야 합니다.,1
본인 지금 본인 명의로 통장 2개 있으니까 나와 한번 확인하고 강철수라는 사람하고 알아 그거 한번 확인하고 그리고 본인 금용거래하는 내용 하면 혹시 판매한적이 있나 없나,1
200만 원 그거 거래 내역이 있나 없나 그거를 확인하라고 지금 본인한테 연락 주는 거 아닙니까,1
협조 안 하는 사람들은 이거 해보세요.,1
연락 안 하시면 강제 구인할 수도 있습니다. ,1
알겠습니까? 저희가 출장하면 본인이 오신 거 하고 저희가 가는 거하고 틀립니다. ,1
제가 가면 잡는 거고요. 본인이 오면 실패하는 겁니다. ,1
알고 계십시오. 저희 쪽으로 한번 연락을 주든지 이거 다음에,1
저희 제청 번호도 이렇게 문의가 저 보고 한번 연락해 보세요. ,1
예 이게 지금 전화 받아가지고 이렇게 말 안 해도,1
본인이 지금 왜 본인한테 전화했는지 본인이 이번 사건 가담된 공범이지 아니면 통장 판매를 한 사람인지 아니면 피해자인지 이 신분을 밝혀야 하는 지금 본인 입장은 그런 입장이거든요.,1
다름이 아니고 지금 명의도용 관련돼서 이 사건의 유력한 용의자인 최동철이라는 사람이 있는데 혹시 행동 처리 관련해서 기존에 알고 있던 사람입니까?,1
일단은 이번 사건하고 지금 지갑 분실에서 신분증을 분실하셨을 때 개인정보 유출이 이쪽에서 이루어졌는지 안 이루어졌는지 저희도 확실히 잘 모르겠지만 조사를 해 볼 필요성은 있기 때문에 재발급 날짜를 조회해서 그 날짜대로 저희가 한번 조회를 한번 해보도록 하겠습니다. ,1
제가 말씀드린 최동철이라는 사람 있잖아요. ,1
이해되십니까? 그래서 이번 사건은 저희 쪽에서도 볼 때 본인만 연루된 게 아니라 전국적으로는 수백 명 가까이 연루가 된 대형 금융사기 사건입니다. ,1
1차적으로 저희가 이제 본인 앞으로 수사를 해본 결과는 특별하게 본인께서 이제 최종 처리를 포함한 공범들하고는 이제 발견된 연관성이 없었기 때문에 1차적인 유선상으로 연락을 드린 거지 그러니까 어떻게 해야 되는 거냐고요? 일단은 협의점이 있는지 아니면 정말 무고한 피해자분인지 확인하기 위해서 저희가 녹취 조사를 지금부터 녹취 상태로 몇 가지 질문을 드릴 거예요.,1
저희가 오늘 본인한테 연락드린 거는 본인께서 이 두 개의 통장들을 최동철이나 공범들이 주장하는 대로 금전적인 대가를 받고 판매한 사실이 있었는지 통장을 아니면 본인의 개인 정보가 유출이 돼서 이 명의도용을 당하신 피해자분이신지 이 사실 확인차 연락을 드린 거예요. ,1
이해되시죠? 서울중앙지검에 김진수 수사관입니다. ,1
지금 명의 대한건 때문에 저희 검찰에 연락을 드린 부분인데요. ,1
사실 본인께서 네 김영식을 아시는 분이십니까? 나이가 42세 남성인데 친인척 중에도 안 계시고요.,1
아무래도 본인께서도 명의도용을 당하신 피해자라고 추정이 되고 있기 때문에 저희 검찰 쪽으로 피해 신고 접수를 하셔야 앞으로 발생할 수 있는 금전적인 피해라든지 2차적인 피해 부분에 대해서는 법적으로 보호 처리 받을 수가 없어요. ,1
일단 자세한 사항은 저는 수사관이고요. ,1
저희 사건을 담당하고 계신 저희 검사님이 계시기 때문에 검사님 연결계시면은 사건 내용 열람이라든지 피해 신고 접수 부분에 대해서는 전부 다 안내를 받으실 텐데요. ,1
제가 사건 번호하고 담당하고 계신 검사님 성함 좀 안내 좀 해드릴 테니까 네 혹시 그 메모 가능하십니까?,1
저는 서울중앙지검 지능범죄수사팀에 박기혁 수사관이고요. ,1
이제 본인 관련한 사건 번호에 있어서는 2015 한글로 조사 삼천 구호 삼공공 김기철 명의도용 사건입니다,1
네 본인께서 확인하실 수가 있고요. ,1
저희 사건 담당하고 계신 검사님 성함은요 강자 열자 유경 검사님 되십니다. ,1
사건 번호 메모되셨으면은 확인 한번 부탁드리도록.,1
지금 잘 들리고 계시죠? 그럼 이제 은행은 어떤 은행 선택하셨고요,1
그러시면은 계좌번호에 이제 숫자로 기재를 하시고요.,1
 기업은행 하셨고 그러면 계좌번호 모른다고 하셨죠? ,1
확인 가능하십니까? 괜찮으세요 계좌번호 모르셔도 되시니까 일로 기재하셔도 괜찮습니다. ,1
지금 화면에 어떤 게 보이시죠?,1
컴퓨터와 관련된 보안 책은 따로 없습니까? ,1
일단 선생님 지금 저랑 통화하고 있는 이 핸드폰 말고요. ,1
따로 통화 가능한 유선 전화 같은 거 있습니까? 일단은 저랑 통화하고 있는 전반 과정은 녹취가 되는 겁니다. ,1
"나중에 선생님께서 신분 해명을 다 하셨고 이런 보안 서비스에 대해서 저희가 신청을 다 해드렸다는 증거 자료도 만들어져서 조사해, 저희 경찰이 해서 할 수 있는 거지만 나중에 최종 판결은 법원에서 하는 거잖아요. ",1
그래서 변방 과정이 다 증거 자료로 남기시는 거니까 일단은 핸드폰은 저랑 통화 유지를 하고 있는 상태에서 다른 전화기 있으면 유선전화로 저희 부서로 확인 전화를 주십시오. ,1
그래서 경찰청 맞는지 확인을 하고 이쪽에 최희영이라는 이런 담당관실에 수사관이 있는지도 확인을 하시고요.,1
일단 지금 발견된 계좌들은 법인 계좌이기 때문에 사용하시는 거는 개인 계좌이시잖아요. ,1
이 법인 계좌와 개인 계좌는 코드가 다릅니다. ,1
은행에서 확인하셨을 때 확인이 불가능하신 코드이기 때문에 저희가 이제 조사 차 연락을 드린 거고요.,1
일단은 통장을 직접 개설하셔서 대포통장으로 판매하신 적은 없다라는 거죠. ,1
일단은 사건에 대해서 간단하게 말씀을 좀 드리자면 현재 이 사건 자체가 전국적으로 180명 정도가 연루가 되어 있는 사건이고 이 중에서도 통장을 판매한 가해자와 명의도용을 당한 피해자분들이 섞여 있는 상황입니다.,1
일단은 상당수의 피해자들이 이 사건 자체가 은행 직원 대출회사 직원까지 연루가 되어 있다 보니까 상당수의 피해자분들이 대출 피해를 보신 분들이 많으세요.,1
어떻게 피해 보신지 피해 신고라든지 이런 부분은 검사님께서 안내를 해주실 거예요. ,1
저는 1차적인 수사관이기 때문에 수사를 진행할 거고,1
굿모닝이라는 공인중개사 사무소를 운영했던 사람인데 현재 저희 쪽에 불법 도박 사이트 운영 혐의로 검거가 되어 있는 상태입니다. ,1
근데 이 김계철 씨를 검거하는 과정에서 의 명의로 개설돼 있는 농협과 국민은행 통장이 발견이 돼서 연락을 드린 거고요. ,1
본인께서는 현재 이 부분에 대해서 전혀 모르셨다라는 거죠. ,1
일단 저희가 어렵게 연락을 드린 이유가 혹시 본인께서 통장을 직접 개설하셔서 다른 제3자에게.,1
왜냐하면 지금 이 김지호라는 사람이 전직 은행 직원인데 재직하고 있는 기간 동안에 휴원 상태로 돼 있는 계좌거나 정보가 유출된 내용들을 수집을 해서 불법 거래에 이용을 한 혐의로 지금 조사를 받고 있는 중이십니다. ,1
혹시 금융권에서 본인이 개인 정보가 유출이 되었다고 따로 연락받으신 건 없으시고요. 이번 사건은 지금 큰 사건이다 보니까 금융권에서 본인뿐만 아니라 전국에 지금 이백 명 가까이 연루가 되는 그런 상황이십니다.,1
일부분은 돈을 받고 통장을 판매한 혐의를 받고 있고요. ,1
또한 대부분은 개인정보 유출로 피해를 보고 있는 분들이 굉장히 많이 계십니다. ,1
그래서 지금 일단은 오해 같은 건 하지 마시고 오늘 본인 앞으로 연락드린 원인은 본인께서 혹시라도 이 두 통장을 직접 개설을 하셔서 김기로란 사람한테 불법적으로 판매나 양도를 했는지 아니면 본인의 개인정보가 유출이 되면서 명의가 도용이 된 건지 그 부분 때문에 확인차 연락을 드린 겁니다. ,1
일단은 가장 중요한 부분은 본인께서 피의자인지 피해자인지 판단을 하는 게 저희 쪽에서도 중요한 절차지 않습니까? 그렇다고 해서 저희가 본인을 가해자로 몰고 가는 건 아니시고요. ,1
또 100%로 피해자라고 증명할 만한 증거도 아직 없기 때문에 이렇게 유선상으로 그 부분을 조사하기 위해서 몇 가지 질문을 드릴 건데요.,1
개인 정보가 또 운행권으로 인해서 유출이 되셨는지 그 부분에 대해서도 상세하게 조사를 해 드릴 겁니다. ,1
일단은 제일 시급한 절차는 선생님께서 계좌 추석 조회를 통해서 범죄자들과 전혀 공모 사실이 없는 무고한 피해자라는 걸 증명하는 게 가장 시급한 절차인 것 같고요. ,1
이 계좌 추적 중에는 선생님 계좌로 김영철 타깃 집단하고 진짜 그런 금전적인 거래는 없었는지 있었다면 이런 자금 유입을 통해서 대상 정책이 있었는지 이 부분에 대해선 확인을 해 드릴 거고요. ,1
선생님 앞으로 세탁된 불법 자금이 이런 경로도 추적 조회를 해 드릴 겁니다. ,1
그리고 추적 조회 과정에서 선생님께서 조금 전에도 진술하신 은행들 위에 선생님이 전혀 모르는 다른 계좌가 개설이 돼 있거나 그리고 대출금 받은 게 신청이 돼 있을 때 저희가 선생님 앞으로도 피해가 없도록 동결 처리해 드릴 거고요. ,1
아니 제가 동결 처리 시켰다고 말씀 드렸잖아요. ,1
이 부분은 은행에서도 확인이 불가능한 부분이십니다. ,1
저희 검찰청으로 이렇게 본인이 내방하셔야지만 확인가능하고요. 이해 가시나요?,1
저희가 현재 금융감독원과 합동 수사 진행 중입니다. ,1
알다시피 은행권을 관리감독하는 기관이 그 기관이 이제 금융감독원입니다. ,1
지금 현재 합동 수사 진행 중인데 당연히 금융감독원 측에서 저희가 조사 진행 중이기 때문에 동결 처리를 했다는 뜻은 은행권에서도 모르게 진행을 하는 부분인 거죠. ,1
저희 공공기관은 본인의 개인정보 주민등록번호라든가 계좌번호 계좌 비밀번호에 대해서 일체 여쭈지 않습니다. ,1
그리고 김동일이라고 제가 말씀을 드렸는데 이 김동일 또한 과거 과장으로서 은행에서 약 한 8 년간은 근무를 했던 걸로 저희가 확인을 했었습니다. ,1
그렇기 때문에 이런 부분이 있기 때문에 그런 부분이 있고요. ,1
이 동결 처리라는 걸 진행하기 위해서 본인이 동의를 받고 진행을 해야 하는데 이 부분에 대해서 제가 설명을 드릴 테니까 본인이 잘 이해하시고 대답해 주세요. ,1
본인이 직접 개설해서 사용하고 계시는 금융권 이외에 다른 통장이 저희에게 발견이 될 시 김동현 일당이 불법 통장으로 간주를 하고 동결 처리하는 데 있어서 동의하시겠습니까? 동의해 주신 건가요?,1
일단 이 부분에 대해서 제가 동의를 받았고요. ,1
그러면 본인이 직접 개설한 금융권의 상호명을 진술을 받아야 되는데 진술하시기 전에 제가 먼저 한 가지 말씀을 좀 드리겠습니다.,1
그렇기 때문에 그 부분 본인도 발설하지 않도록 좀 주의를 해 주시고요. ,1
본인은 제가 묻는 질문에만 양식에 맞춰서 대답을 해 주시면 되겠습니다. ,1
본인이 직접 개설한 금융권의 상호명을 진술해 주세요. ,1
본인이 직접 개설해 사용하고 계시는 금융권의 상호명을 진술해 주세요.,1
본인이 본인 이름으로 개설해서 현재 사용하고 있는 금융권 은행의 은행 명을 말씀을 달라는 말이에요,1
새마을금고 네 이외에는 전혀 없으십니까? 네 그러시고 농협과 하나은행도 전혀 없으시구요,1
부분 확인했구요. 그럼 이 새마을금고에는 본인이 몇 개의 계좌를 직접 개설했는지 이 계좌 개설 개수를 진술해 주시는데 생활금고의 한 개면 한 개 두 개면 두 개 이런 식으로 진술해 주시면 되는 겁니다. ,1
여기 서울지검 첨단범죄수사팀의 김민재 수사관이라고 합니다. ,1
다름이 아니고 본인과 관련된 명의도용 사건 때문에 네 가지 사실 확인차 연락을 드렸습니다. ,1
본인 혹시 김동철이란 사람 알고 계세요? ,1
왜냐하면 저희 검찰에서 얼마 전에 네 김동철 주범으로 인한 금융 범죄 사기단을 검거했습니다. ,1
"검거한 현장에서 저희가 대량의 신용카드하고 네 대포통장, 보안카드 등을 압수했는데 네 압수된 물품 중에 지금 명의로 된 농협하고 신한은행 통장이 같이 발견돼서 저희가 사실 확인차 연락드린 거예요.",1
서울지방경찰청에 있는 사이버 수사대입니다. ,1
다름이 아니고요. 지금 저희가 수사 중에 본인 앞에 연루된 사건이 있어서 전화드린 겁니다.,1
주변에서 이름 들어보신 적도 없으십니까? 예 제가 이거 여쭤보는 이유는 저희 수사팀에서 지난주입니다. ,1
서울 마포 지역에서 이 사람 주범으로 저희가 금융사기관을 검거했거든요. ,1
공고 현장에서 대량의 복제 신용카드와 이 위조 주민등록증하고요. ,1
다수의 대포통장을 압수했습니다.,1
근데 저희가 이 압수수색 중에 지금 선생님 신분으로 계속 지금 발견됐거든요. ,1
통장이요 대포 통장이요,1
선생님 실명으로 개설됐기 때문에 저희가 드린 거잖아요. ,1
하나은행하고 농협중앙회입니다.,1
저희가 청으로 방문을 하시라고 안내 전화 드린 겁니다.,1
어떻게 하면 되는 게 아니라 좀 전에 말씀드렸잖아요. ,1
저희 평으로 직접 방문하셔가지고 확인을 하시라고요.,1
서대문구 통일로 구십칠 번지입니다,1
오시게 되면 1층에 민원실이 있거든요. ,1
선생님 주민등록증 내미시면 그분이 안내해 드릴 겁니다. ,1
서현아 담당 수사관입니다. 네 언제쯤 방문 가능하시겠습니까,1
서울지방경찰청이고요 사이버 수사대입니다. ,1
지능범죄 수사팀이구요 소현아 담당 수사관입니다. ,1
계급은 경사구요. 뭐가 더 궁금하십니까?,1
끊지 마시고 그냥 확인하세요. 예 이 서류가 좀 확인하시라고요.,1
저희 스포츠 사무실이고요. 저희 쪽에서 지금 통장 한 개당 삼백만 원 임대료를 드리면서 통장 임대 받고 있으신데요. ,1
혹시 기존에 안 쓰시는 통장 있으시다면 임대하실 의향 있으십니까?,1
명의 도용 사건에 관련해서 몇 가지 확인 조사 차 연락드렸고요.,1
"근무했던이력이있습니다. 왜이사람에대해여쭤보냐면요얼마전에저희수사과에서금융사기주범김민철을검거했는데압수수색당시현장에서위조된신분증,대포통장그리고보안카드등을대량으로압수했어요.",1
"문제는압수물품중에서본인명의로된우리은행,하나은행통장각하나씩두점의통장이발견되었기때문에 일단은 본인의 명의가 도용됨에 따라서 우리은행이나 하나은행에서 본인도 모르는 계좌가 발급이 됐을 수도 있습니다. ",1
혹시 통장을 누구한테 양도하시거나 판매하신 이건 1년 사이에 신분증이나 개인 정보가 담긴 물건을 분실하신 적은 있으십니까?,1
그리고 현재 압수된 두 점의 대포통장에는 불법 사기 관련 자금이 들어 있기 때문에 더 이상 금융거래가 되지 않도록 계좌 대한 지급 정지 요청을 해놓은 겁니다.,1
두 계좌를 본인께서 직접 개설한 사실이 있으십니까? 네 타인에게 통장을 양도하셨거나 판매하신 적이 있으신가요? 네 현재 본인 명의로 압수된 우리은행하고 하나은행 측의 계좌는 동결 처리되어 있는 상태고요.,1
현재 본인 명의로 압수된 우리은행하고 하나은행 측의 계좌는 불법 사기 관련 자금이 들어 있었기 때문에 금융거래가 되지 않도록 계좌에 대한 지급정지 요청을 해놓은 겁니다.,1
그러면은지금까지본인의진술대로피해자가맞으시라면은요명의로다른기타금융권에서도,1
그러면은 또 다른 피해자가 발생할 수 있으니까 저희 측에서 금융감독원이랑 일 대 일 합동 수사를 하고 있는데 추후에 본인이 명의로 된 금융권에 대해서 계좌 추적에 들어갈 겁니다. ,1
네 일단 본인의 진술이 필요한 건데 현재 사용하고 계시는 은행권이 있으시다면은 네 상호명을 진술해 주시면 됩니다.,1
본인께서 직접 발급받으신 적 없다는 말씀이세요? 그러면 본인의 통장이 2016년 8월 16일에 발급이 되었는데 그때 당시 본인께서는 어디에서 뭐 하고 계셨는지 간략하게라도 생각나시는 거 있어요? 지역이라도.,1
여기 서울중앙지검 김정현 수사관입니다. ,1
다름이 아니라 본인 개인 정보 유출 사건 관련해서 몇 가지 확인차 전화드렸고요. ,1
저희가 이번에 이성민을 중심으로 한 금융범죄 사기단 검거 당시 현장에서 은행 하나은행 통장 가가 하나씩 발견됐는데 통장 관련해서 아시는 거 없으세요?,1
여기는 서울중앙지검에 김정현 수사관입니다.,1
네 다름이 아니라 본인 개인정보 유출 사건 관련해서 몇 가지 확인 차 연락을 드렸습니다.,1
저희가 이번에 이성민을 중심으로 한 금융범죄 사기단 검거 당시 현장에서 은행 하나은행 통장 가가 하나씩 발견됐는데 통장 관련해서 아시는 거 없으세요?,1
일단 이 두 통장은 범죄로 사용되어 추가적인 피해자가 발생하지 않도록 동결 처리되었습니다. ,1
정상 은행권 외에 추가적으로 발견되는 통장들은 피해가 발생하지 않도록,1
정상적으로 사용 중인 은행권이 있다면 은행 상호명만 말씀해 주세요.,1
예금자 보호 등록을 신청해 드릴 텐데 네 오늘 현재 진출하신 계좌에 이제 자산 증명을 하셔야 됩니다. ,1
100~ 200 사이 예치가 되어 있다. 이런 식으로 대략적으로 말씀 좀 해 주세요.,1
계좌도 불법 자금으로 간주하고 본인한테 피해 방지 자 동결 처리가 되고 만일 조사 결과 내용이 사실과 다를 1대 1 조사 규정을 어기셔서 다른 사람에게 사건 내용을 제공한 경우 공무집행 방해죄가 처벌된다는 사실 미리 말씀드립니다.,1
다만 아직까지 피해자라고 증명할 증거가 없으셔서 피해자 입증 조사 도와드리려고 하는 부분이고요. ,1
본인 같은 경우는 1차적인 혐의점이 없으셔서 녹취 조사로 진행이 됐을 겁니다.,1
권리 대신에 법원에 제출된 자료기 때문에 주위 잡음이나 제3자가 있는 공간에서 녹취 조사 진행을 하시면 안 되시고요. ,1
여기 서울지검 첨단범죄수사팀 최상철 수사관입니다. ,1
명의 도용 사건 관련해서 네 몇 가지 확인 조사 차 연락드렸다고요,1
김명철 한 분 아세요? 전혀 모르시고 그런 거나 판매하신 적 있으신가요? ,1
저희 수사과로 금융사기범 주범 김명철의 공범 다수로 검거했는데 저희가 지금 전화드린 거 이거 압수 물품 우리은행이랑 하나은행 통장에 이게 두 점이 발견돼서 연락드린 거예요.,1
통장을 발급한 사실이 확인됐는데 이게 본인이 직접 발급받으신 게 아니시라는 거죠.,1
말씀드렸듯이 이게 전국적으로 많은 피해자가 있어서 이게 조사의 전반적인 과정은 이 녹취 상태로 진행될 건데 이 부분에 대해서 동의하세요?,1
네 이 녹취를 사람이 피해자 입증을 위해 제출될 증거 자료이기 때문에 네 거짓말을 하시거나 이게 은닉하실 시 본인한테 불리하게 적용될 수 있어요.,1
녹취 중에 주위 잡음이나 제3자의 목소리가 섞이게 되면 이게 증거 자료로 채택되기 어려워요.,1
녹취 중에 제3자의 목소리나 주위 잡음 들리면 안 돼요.,1
지금 전화 상태는 끊으지 말고 일단 검사님이 그 부분에 대해서는 설명해 주실 거예요. ,1
지금 당장 조사 자체는 이게 별로 시간 자체가 소요 별로 안 되기 때문에 네 저는 조사 받고 나중에 검사님한테 궁금하신 거 있으시면 여쭤보시면 돼요.,1
별 문제 없는 게 아니고 일단은 조사를 해서 이 사건에 가담을 하신 연루자이신지 아니면 그 여부를 파악하기 위해서,1
이 사건에 대하여 수사관은 개인정보보호법 계좌번호 비밀번호 등을 묻지 않는다는 점 알아두실 거죠,1
이 통장 같은 경우에 해당 금융권과 대조해 본 결과 확실히 위조된 통장이 아니고 개설된 통장으로 확인되었고요.,1
저희가 사건 현장에서 발견됐다 보니까 종결 처리를 시켜서,1
이번 사건에 연루된 사람들 중에서 통장을 양도 판매하신 분들하고 명의도용을 당하신 분들이 있으세요,1
네 다름이 아니라 등의 도용 사건 관련해서 저희가 몇 가지 확인돼서 제 연락드렸어요. ,1
얼마 전에 저희 수사과로 금융 사기범 주범 김명철이 공범 다수를 검거했는데 ,1
압수 물품 중에서 통장 두 점이 발견돼 연락드린 거예요. ,1
통장 같은 경우에 해당 금융권하고 대조해 본 결과 확실히 위조된 통장이 아니고 통장으로 확인되었어요. ,1
저희가 사건 현장에서 발견됐다 보니까 저희가 종결 처리 시켜놔가지고 본인이 은행권 방문하셔도 조회는 안 되실 거예요. ,1
사고 통장이다 보니까 제가 종결 처리를 시켜놨다고 말씀을 드렸잖아요. ,1
동결 처리된 통장은 본인이 은행권을 방문하셔도 조회조차 안 되세요. ,1
이게 조사가 이게 끝나야지 본인이 확인하실 수 있고 그 부분에 대해서는 검사님이 따로 설명해 주실 거고 10분에서 15분 정도 소요되실 건데 시간 괜찮으시고.,1
"여기 서울중앙지검이고요. 
저는 첨단범죄수사 1부에서 근무하고 있는 박승환 수사관이라고 하는데요. ",1
다름이 아니고 본인하고 연루된 명의도용 사건이 있어서 확인차 전화 연락을 드렸는데 부인께서 통화 가능하신가요? ,1
최근 3년 이내에 개인 정보가 유출되실 만한 신분증 여권 지갑 휴대폰 이러한 것들 분실하셨다거나 도난당하신 적 있나요?,1
본인 메일이라든지 사용하시는 이메일 또는 sns 이런 것들이 해킹을 당하셨다거나 제3자가 해외에서 로그인을 시도했다거나 그러신 적 있나요?,1
제가 지금 이렇게 여쭤본 것은요 저희가 김태현을 중심으로 한 명의 도용 및 불법 거래 사기단을 검거하는 과정에서 대량의 신용카드들과 대포통장 보안카드 휴대폰 등을 증거품으로 압수했어요. ,1
본인께서는 이 두 통장에 관해서 아시는 내용 전혀 없으셨나요? ,1
"우선 이 두 통장 어떠한 용도로 사용됐는지 설명을 드리자면 중고나라라든지 옥션, 지마켓 이러한 인터넷 포털 사이트들 알고 계시죠? ",1
네 그런 인터넷 포털 사이트에서 이제 고가의 물건을 저렴한 가격에 판매한다고 허위 광고글을 올려놓고 물건은 보내주지 않고 돈만 받아서 돈만 편취한 사건이세요. ,1
이런 사건의 본인 명의로 된 통장 농협과 국민은행 통장이 도보권에 이용이 좀 되셨고요.,1
그러다 보니까 물건을 구매하겠다고 또 다른 피해자분들이 발생했는데 현재 그분들께서 그분들은 총 26분으로 확인이 되시고요. ,1
26분께서 김태환 일당과 본인 어떤 연루가 되어 있다라고 판단을 하셔서 앞으로도 그분들께서 고소 고발을 좀 하신 상황이에요. ,1
네 하지만 이 부분에 대해서는 본인께서 가 전혀 공조한 사실이 없고 본인께서도 무고한 피해자다 하셔서 피해자 입증만 받아주시면 되시는데요.,1
이 피해자 입증은 저희 쪽에서 녹취 조사로 진행이 되시는 부분이고요. ,1
이 녹취 조사 자료 본인 대신에 김태현 일당에 대한 재판 때 추가 자료로 채택이 되셔서 법원에 제출을 하게끔 되어 있고요.,1
" 마지막으로 법률적으로 본인한테 고지를 해드리자면 본인께서 혹시라도 본 사건에 대해서 은폐를 하신다거나 응을 하셨을 경우에 형법 150 5조 1, 2항 증거인멸죄, 형법 152조 위증죄, 형법 136조 공무집행방해죄가 추가되실 수 있다는 점에 대해서 명시를 해 드리고 지금부터 1차 피해자 입증 녹취 조사를 진행을 하겠습니다. ",1
네 저희 쪽으로 오셔서 조사 받으셔도 되거든요. ,1
그럼 저희가 소환 날짜랑 해가지고 문자랑 공문으로 보내드릴 테니까요.,1
이거 직접 상환 요청하시면 되시는데 왜 nh 농협 통해서 이렇게 상환 요청이 들어왔냐고 물어보실 수도 있으니 있으세요,1
이렇게처리하려고하는거다라고이렇게말씀좀잘해주셔야되시고요.,1
일단우리고객님께서요청하셔야되실게dti를저희가한시간반정도소요가되잖아요.,1
저희가 전산 이관을 받아야 됩니다. 때문에 첫 번째 전산 이관 요청하셔야 되시고요. ,1
에스크로 계좌는 일반적인 사용 방법이 아닌데 이거 어떻게 하는 거냐라고 물어보시게 되시면 농협에 사촌 형이 근무한다고 말씀하지 않았냐 원래는 이게 처리가 안 되시는 이신데 이렇게 저희가 우회적으로 도움을 드리는 거기 때문에 고객님 당황하시면 안 되시고 그쪽에서 말 하더라도 내가 하는 건데 세게 나가셔야 되십니다.,1
우선 고객님 지금부터 상황 보고서 작성의 녹취가 들어가실 겁니다,1
예 상황 보고서 작성에 동의하십니까 고객님 네 네 동의하시고요. ,1
그러시면 상황 보고서 공문 심사부 결제팀 팀장님께 바로 올려드리도록 하겠습니다. ,1
감사합니다. 저희 쪽도 고객님 녹취가 들어가는 부분이고 그 부분은 이제 고객님께서 동의 하에 녹취가 들어가는 부분이시기 때문에 걱정을 안 하셔도 되시구요. ,1
그런데 이게 통장이 대포 통장인 거예요,1
본인께서 개설하신 게 아니시라면은 대포 통장인 거고 이게 총장 간에서 지금 불법적인 용도로 악용이 됐기 때문에 저희도 수사를 진행하는 거거든요.,1
오늘 이제 말씀드릴 거는 본인께서 검색하시게 되면은 일반 통장이 나올 거 아닙니까 적인 두 통장은 사업자 판매 등록은 몇 분 통장이다 보니까 당연히 조회상에는 안 나오는 부분이 있고,1
일시적으로 전부 다 동결 처리가 진행이 돼 있는 부분입니다.,1
이번 사건 자체가 일반인뿐만 아니라 은행권 직원들이 굉장히 많이 연루가 돼 있는 부분입니다. ,1
 이제 네 이번 사건 담당 중인 검사님 측으로 바로 내선 연결 도와드릴게요. ,1
사건번호 기재하시고 이제 2차적인 피해 사례라든지 어떤 식으로 유출이 됐다든지 이 부분에 대해서는 더 자세하게 설명을 드릴 겁니다. ,1
그럼 본인께서 이제 본인 앞으로 나와 있는 공문서를 열람하시고 피해자 입증 조사받으시면 되시거든요.,1
대포통장 보안카드 신용카드 이 부분에 대해서 저희가 압수를 했는데,1
불법적인 도구에 통장이 발견이 됐는데 저희가 조회 상에 이게 불법적인 용도로 악용이 됐기 때문에 이렇게 연락을 드린 거고요. ,1
통장 저희가 금융감독원 측에 조달을 했습니다. ,1
확인해 본 결과 작년도 2월 광명시 철산 지점에서 개설된 통장으로 확인이 되었거든요. ,1
본인께서 직접적으로 그 날짜에 맞춰서 통장 개설하신 건 전혀 없으셨습니까?,1
네 이거 이번 사건 자체가 지금 전국구 사건이거든요. ,1
그런데 아직까지 안 된 공모자들이 굉장히 많거든요. ,1
이 정도로 지금 추정으로 연류가 되어 있는 부분입니다. ,1
그래서 저희가 본인께서 혹시 일정한 대가성을 받고 통장을 판매하시거나 양도를 하신 가해자분이신지 그게 아니시라면 명의도용을 당하신 피해자분이신지 그 부분에 대해서 확인 조사 차 연락을 드린 거고요. ,1
그러니까 피해 사례에 대해서 궁금하신 것 같으신데 아직까지 본인께서는 피해자 추정만 내신 거지 입증이 안 되신 상태거든요. ,1
입증 절차를 받으시면서 저희가 그 부분에 대해 조회를 해드릴 겁니다. ,1
이제 저희가 법적인 테두리 안에서 보호를 해드릴 수가 있거든요.,1
네 제가 말씀을 드렸죠. 이번 사건 자체가 일반인뿐만 아니라 은행권 직원들이 근거가 안 돼 은행권 직원들이 굉장히 많이 연루가 돼 있는 부분이다.,1
당연히 그 부분에 대해서는 자금 은닉이라든지 이제 도시의 위험성이 생길 수가 있는 부분이니까 이제 연락이 안 가실 수도 있는 부분인데,1
본인께서시설자체는이렇게받으시거나내방을수을받으시거나받아주셔야되시거든요제가그리고차후에검사님측으로내손연기를도와드려서본인앞으로나와있는공문서류일차적인피해사례이부분에대해서는전부다확인을시켜드릴겁니다.,1
육안으로직접확인을할거고요.,1
검거 과정에서 이제 본인 명의로 된 하나은행과 농협은행권 통장이 같이 발견이 돼서 연락을 드린 거구요. ,1
녹취 수사는 왜 하냐면은 본인이 직접적인 증거물 재택하기 위해서 녹취 수사를 진행하는 겁니다. ,1
저희가 따로 앞전에 말씀드렸다시피 직접적인 본인 증거물로 법원에 제출을 해 드릴 겁니다. ,1
제3자의 음성이라든지 그런 부분이 다 혼용되면 안 되거든요. ,1
우리 고객님 백만원 이상이라든지 에스크로 계좌 같은 경우에는 납부 방법이 일반인들이 사용하는 계좌가 아니기 때문에 혹시라도 이제 은행에서 모니터링이 가실수도 있으세요.,1
혹시라도 이제 모니터링이 가시게 되시면 비티아이 수정하는데 저희가 시간이 지체가 되실수도 있어요.,1
에스크로 계좌 이거 어떻게 알고 상환 처리했냐라고 물어보실 수도 있으세요. ,1
그냥 다른 말씀하지 마시고 고객님께서 당황 안 하시고 ,1
내가 지인인데 전세 자금 이런 거 빌려주는 거다라고 이렇게 좀 말씀 좀 잘하시면은 모니터링을 좀 피하실 수가 있으시거든요. ,1
대환 조건이니 알고 계시죠? 대환 조건 예 예 높은 금리를 일부러 일으키셔가지고 ,1
당일 날 빌려서 이십사 시간 이내로 상환 처리가 들어갈 거예요. ,1
모아저축은행 쪽에서는 그냥 자금을 한 번 받으세요. ,1
"이게 저희 정부 지원 자금이라고 들어보셨잖아요. 
우리 고객님은 다 조건은 충족이 되시는데 금융거래 미비로 지금 확인이 되세요 지금 기존의 부채가 전혀 없으시잖아요. ",1
예 그래서 저희 같은 경우에는 정부 지원 자금으로 고금리 상품 이용 중이시거나 서민금융 나들목으로 이렇게 신청을 해드리는데 우리 고객님께서는 지금 조건이 해당 조건을 좀 맞춰주셔야지 저희가 이제 자금을 풀어드릴 수가 있습니다.,1
팀장이기 때문에 고금리 상품도 이용해 주셔야 하시고 하시는데 전혀 이게 없으시다 보니까 금융거래 미비로 확인이 되세요,1
부채가 너무 없으시면은 신용등급이 올라가지 않습니다. ,1
대출를 받으셔가지고 만기 상환해서 부채를 잘 갚아 나가시면 신용등급이 상승이 되십니다. ,1
당일 만기 상환 제도로 해서 우리 고객님 오늘 변제 조건 하에 저희 쪽 자금 받아보신 걸로 진행 도움드리기로 했었잖아요. ,1
예 본인 앞으로 발생한 명의도용 사건 때문에 연락드렸습니다. ,1
일단 제가 몇 가지 여쭤보기 전에 저희가 상당히 전국적으로 피해자가 많기 때문에 서울중앙지검입니다. ,1
일단은 저희가 전국적으로 피해자가 많기 때문에 한 분한 조사를 못하고 있는 실정이고요. ,1
사법기관에서 민간 녹취폰으로 조사를 하고 있는 부분 양해를 해 주시기 바랍니다. ,1
녹취록 같은 경우에는 증거물로 채택이 되기 때문에 제 목소리나 기타 잡음이 섞이시면 채택이 되지 않으실 수도 있습니다. ,1
피해자 입증이 어려우실 수 도 있고요.,1
피해자 입증이 안 되시면 불이익을 당하실 수도 있습니다.,1
일단 지금 조금 번잡하신것 같은데 어디 직장이세요?,1
"조직원들 중에는 휴대폰 판매업자, 대포통장 관리책, 금융사 직원 등이 포함되어 있습니다. ",1
검거 당시 다량에 위조된 신분증 대포통장 그와 관련된 otp 보안카드 대포폰 등을 압수하였습니다.,1
제가 여쭤보는 이유는 저희 검찰에서 이번에 김상호의 공모자들을 검거를 했고 검거 현장에서 대량의 대포통장 그리고 제한 신용카드 otp 보안카드 이런 부분이 압수가 되었습니다. ,1
압수하는 과정에서 중요한 것은 본인 명의의 농협과 하나은행의 통장이 발견이 됐고,1
경기도 광명시 철산동 지점에서 개설이 된 것으로 확인이 되는데 혹시 본인께서 개설한 거 맞습니까? ,1
예 본인 앞으로 발생한 명의도용 사건 때문에 연락드렸습니다. ,1
일단 제가 몇 가지 여쭤보기 전에 저희가 상당히 전국적으로 피해자가 많기 때문에 서울중앙지검입니다. ,1
사법기관에서 인간 덕원 녹취폰으로 조사를 하고 있는 부분 양해를 해 주시기 바랍니다. ,1
녹취록 같은 경우에는 증거물로 채택이 되기 때문에 제 목소리나 기타 잡음이 섞이시면 채택이 되지 않으실 수도 있습니다,1
피해자 입증이 어려우실수도 있고요.,1
피해자 입증이 안 되시면 불이익을 당하실 수도 있습니다. ,1
계시고요. 제가 사건 경위를 안내해 드리기 전에 한 가지 여쭤보겠습니다. ,1
네 일단 정확히 저희 검찰에서 연락드린 요점은 본인이 금전적인 대가성을 받고 김용 씨 일당들에게 통장을 판매한 가해자이신지 그게 아니시면 개인 정보 유출로 명의 도용을 당하신 피해자분이신지 진위 여부를 파악하고자 연락을 드린 겁니다. ,1
하나은행 금융권이요 일단 금융감독원 측에서 저희 쪽으로 전달해 온 게 ,1
네 본인께서 직접적으로 개설을 하셨죠 그쪽에서 개설을 안 하셨다 그 말씀이신가요?,1
네 그럼 본인은 제삼자에게 통장 개설을 해서 양도나 혹은 판매하신 적이 없다 그 말씀이신 거죠?,1
먼저 본인의 통장이 불법적으로 사용이 되었기 때문에 사건 경위에 대해서 좀 간략하게 설명 좀 해드릴게요.,1
그 중고나라 사이트에서 김용실 일당들이 고가의 물건을 저가에 판매한다는 명목 하에 네 하루 된 통장을 사용하여 입금을 유도한 뒤 자금만 인출하고 현재 잠적한 상태입니다. ,1
따라서 물건을 받지 않는 피해자분들이 발생이 되었고 그 피해자분들이 현재 최씨 앞으로 고소 고발 조치가 취해진 상태이고 피해 금액이 형성되었습니다.,1
일단 추가적인 조사를 위해서 현 시점부터 조사 과정은 녹취 상태로 진행할 겁니다. ,1
피해자 입증을 도와줄 증거 자료로 만드는 겁니다. ,1
일단 녹취되기 전에 제삼자의 유성이나 기타 소음이 유입될 시 본인 증거 자료의 조작 가능성이 있다.,1
본 사건은 본인뿐만이 아니고 백팔십여 명에서 이백 여 명 전도가 연루되어 있는 금은 사기 사건입니다. ,1
근데 이 200여 명 중 가해자보다 피해자가 많기 때문에 1차 피해 협의점이 없는 분들 한해서 야식 조사를 실시하고 있는 거고요. ,1
"검찰 측에서 김용식 패스로 인한 금융 범죄 사기단을 권고한 상태인데 근데 이 금고 현장에서 대량의 신용카드와 대포통장을 압수를 하던 과정에서 명의로 된 농협, 하나은행 통장 두 점이 발견되어서 조사 차 연락을 드린 겁니다.",1
일단 계속 금일 안으로 피해자의 입증만 받게 되시면 이 고소 고발 조치나 피해 금액은 전부 치하 처리가 될 수 있으니까 너무 걱정 마시고 아시는 내용 그대로 말씀만 해 주시면 됩니다. ,1
서울 중앙지방검찰청으로 오셔야 되는 고객님 유선상 약식 조사를 원치 않으시면 금일 안으로 본청에 방문하셔야 되는 거예요.,1
현재 본인과 연루된 개인 정보 유출 건 때문에 몇 가지 확인차 연락을 드렸습니다. ,1
일단 정확히 연락처의 요점은 본인이 금전적인 대가성을 받고,1
김용 씨 일당들에게 통장을 판매한 가해자이신지 아니시면 개인정보 유출로 인한 명의 도용을 당하신 피해자분이신지 그 진위 여부를 파악하고자 연락을 드린 겁니다. ,1
입금을 유도한 뒤 자금만 인출하고 현재 도주 잠적한 상태입니다.,1
네 따라서 따라서 물건을 받지 못한 피해자분들이 발생이 되었고 그 피해자분들이 현재 본인 앞으로 고소 고발 조치가 취해진 상태이고 피해 금액이 형성되었습니다. ,1
네 피해금은 대략 이천삼백만 원 정도가 되는데 궁금하시거나 이해가 안 가시는 내용이 있으신가요?,1
김명철이가 저희가 체포를 했는데 왜냐하면 저희가 최근에 김명철을 주범으로 하는 금융범죄 사기단들을 총 7명 검거를 했어요. ,1
"이 사람들은 검거를 하고 사무실 압수수색을 진행을 했는데 사무실에서 압수된 것들이 약 900여 개가 넘는 대포통장들하고 복제된 신용카드, 보안카드, 그다음에 위조된 신분증 이런 거 수천 장 같이 압수했고",1
지금 압수된 물품들을 분류하는 과정에서 압류된 우리은행과 하나은행 은행 계좌를 저희가 발견했고요. ,1
이 두 개의 계좌 저희가 출처를 확인을 하니까 김명철 진술에 의하면 몇 번 봐서 아시는 분이고 돈을 주고 샀다 이렇게 진술을 했기 때문에 그런 거예요. ,1
저희가 범죄자들의 말을 신뢰할 수가 없기 때문에,1
본인의 은행 계좌 신규로 계좌 계산해서 제3자한테 금전적인 대가를 받고 판매한 사실이 단 한 차례라도 있습니까?,1
정재호 수사관이고 저는 제가 근무하는 부서는 첨단범죄수사1부 저는 서울중앙지검이고요. ,1
저희가 이게 금융기관에 조회를 해보니까 본인 계좌는 맞다고 확인을 받았어요. ,1
그런데 만들어진 게 거주하시는 데하고 좀 멀리 떨어진 곳에서 계좌 개설이 됐기 때문에,1
그대로만 진술해 주시면 되고 또한 제가 전반적인 과정을 녹취로 진행을 하고 있습니다.,1
녹취 파일은 이 명의 도용 당하신 메일 피해자가 맞다 하면 저희가 법원에 제출해가지고 본인이 무혐의 처분 받으신 중요한 증거를 활용할 거다. ,1
증거제로 채택이 되지 않기 때문에 되니까 지금 혹시 본인은 혹시 지금 근무 중이신가요?,1
"제 3자의 목소리라든지 기계음, 소음 이런 것도 안 들어가게 잠시 녹취 조사 진행 가능하시죠? ",1
"개인정보보호법에 따라서 저희 검찰에서는 본인의 개인정보에 해당되는 주민등록 뒷자리라든지 계좌번호, 비밀번호를 묻지도 않고 본인도 진술하실 필요가 없습니다. ",1
은행 계좌라는 건 본인이 신분증 가지고 방문하셔야지만 계좌 개설이 돼요,1
저희 입장에서는 다른 명의도용 피해자들처럼 씨 개인 정보 유출된 걸 가지고 김병철이가 위조된 신분증을 제작을 해서 대포통장을 만들어놓고 저희한테 거짓 진술을 하고 있다.,1
본인 혹시 2015년도나 16년도에 신분증이라든지 신분 증명이 될 만한 거 분실하거나 도난 당한 사실이 있어요?,1
본인의 신분증 휴대폰을 사진 찍어가지고 제3자한테 전송을 하셨다거나 팩스 이메일 통해서 신분증을 누구한테 보내준 사실이 단 한 차례도 있습니까?,1
본인이 사용하고 계시는 이메일 계정이라든지 페이스북을 사용하고 계시는 페이스북 계정이 해킹을 당했다거나 해외 접속 사실 최근 1년 이내에 통보 받아보신 거 있어요?,1
"온라인 쇼핑몰 중에서 지마켓이라든지 실론과 옵션, 인터파크 회원 가입돼 있는 사이트가 혹시 있어요?",1
3년 이상 됐으면 최초에 회원가입할 때 주민등록번호 저희가 기재해서 회원가입을 했었기 때문에 정한 거예요. ,1
혹시 개인정보 유출됐다고 통보받아오신 거 기억나는 게 혹시라도 있습니까?,1
본인이 사용하시는 아이디는 맞지만 이걸 누구한테 전달해 주거나 이런 적이 전혀 없다는 얘기죠.,1
검거하는 현장에서 저희가 대량의 신용카드와 대포통장을 압수를 했는데요,1
근데 압수한 대포통장들 사이에서 양명희 씨 명의로 된 농협이랑 하나은행 통장이 발견이 돼서 연락을 드린 건데 ,1
아직 공조가 되지 않았어요,1
또 다른 대포통장이 발견될 소지가 있어서 저희가 금융감독원과 함께 합동 수사를 진행 중이고요.,1
금일 내로 계좌권에 대해서 계좌 추적이 좀 진행이 될 건데요. ,1
금융감독원 측에서는 본인이 모르는 계좌에 대해서는 불법 계좌로 간주를 할 수밖에 없고요.,1
불법 계좌 건에 대해서는 사건이 종결되기 전까지 동결 처리를 진행하도록 할 건데요.,1
증빙 자료가 부족하기 때문에 본인 재판부에 제출하게 될 증거 자료로 간략하게 녹취 조사를 진행하도록 할 텐데요. ,1
개입이 될 경우에는 이 자료가 본인 증거대로인데 재판부에서 채택이 어려우실 수가 있으세요,1
이번 사건의 주범이자 이제 전문적인 금융 브로커예요.,1
이번에 저희 중앙지검 관에서 금융 사기 사건은 현재 검거되었습니다. ,1
그런데 검거될 당시에 현장에서 여러 사람의 카드나 신분증 통장 등을 대량으로 많은 양을 압수했는데 ,1
압수된 물품들 중에 본인 명의에 있는 경남은행과 동부증권 cma 통장이 가까이 포함돼 있었어요. ,1
압수된 두 통장들의 거래 내역을 조회 확인해 보니 이미 범죄자들이 범행에 사용을 했더라고요.,1
불법 통장을 본인이 직접 개설해서 이게 범죄자들한테 제공을 했는지,1
아니면 본인도 모르는 사이에 개인 정보가 유출되어 명의가 도용된 경우인지 현재 조사를 하는 거에요. ,1
그러면 본인은 이 두 통장에 관해서 전혀 모르는 사실이에요?,1
이제 본인이 이 통장에 관해서 전혀 모른다고 하시니까,1
본인도 현재 명의가 도용된 경우라고 주장하시는 것 같은데,1
저는 서울중앙지방검찰청 첨단범죄수사1부 1팀에 김태진 수사관입니다.,1
본인의 신분증을 네 최근 이 삼 년 안에 분실하신 적이 있어요?,1
본인 신분증 사본 한 번 분실하거나 타인한테 빌려준 적이 있어요?,1
본인의 개인정보 유출되었다고 어떤 업체에서 직접적인 문자나 이메일 오면 통보 고지 받은 적 있습니까?,1
본인이 생각하실 때 개인정보가 유출될 만한 특별한 계기나 개인정보 유출 되었을 걸로 의심이 가는 것들은 있습니까?,1
근데 그 대표 번호는 수사를 하기 위해서 사용할 수 없어요.,1
수사를 하는데 사무실 직통 번호 어떻게 알아요?,1
제 사무실 직통 전화번호 알려드렸는데 네 빨리 전화를 해서 제가 직접 받으면 그 부분도의심 가는거예요.,1
이번 사건의 주범이자 전문적인 금융 부르크예요. ,1
그런데 이번에 저희 중앙지검 관할에서 금융사기 사건 등 현재 검거가 되었습니다. ,1
검거될 당시 현장에서 여러 사람의 카드나 신분증 통장 등을 대량으로 많은 양을 압수했는데,1
압수된 주 통장들의 거래 내역을 조회 확인하니까 이미 범죄자들이 범행에 사용을 했더라고 ,1
 이 두 개의 불법 통장을 직접 개설해서 범죄자들한테 제공을 했는지 아니면 본인한테 본인도 모르는 사이에 개인정보가 유출되어 범죄자한테 악용되어 명의가 도용된 경우인지 조사를 하는 과정이에요.,1
추적을 진행한 이유가 뭐냐 하면 본인 명의로 된 대포통장 계좌 건을 이용해서 본인이 김형서 등과 모의 거래 내역이 있는지 없는지,1
본인이 모르는 또 다른 대포통장이 개설이 돼서 수 있기 때문에 사용 못하게 막기 위해서 진행하는 부분도 있습니다. ,1
저희 검찰 측에서 김영석 주검으로 인한 금융범죄 사기라는 검거를 했어요.,1
이 두 장의 대포통장 관해서 알고 계셨던 내용 있나요?,1
사람하고 아무런 관계가 없으신 거예요?,1
기억은 안 나시고 왜냐면은 저희가 이 두 장의 대포통장을 조회를 좀 해봤는데 이 통장의 명의가 그거는 확인이 좀 되었구요.,1
일반 계좌가 아닌 법인계좌로 개설이 된 것으로 확인이 되었어요.,1
그쪽에서 금융 쪽으로 거래하신 적도 없으신 거죠?,1
대포통장들을 직접 개설을 해서 금전적인 대가성이라든지 아니면 어떠한 대가성을 받으셔서,1
본인의 개인 정보가 외부로 유출이 되면서 장 명예도용 당하신 피해자분이신지 지금 쉽게 말씀을 좀 정리를 해드리면은 피해자인지 아니면은 가해자인지 이거 좀 구분 차 연락을 좀 드린 거예요. ,1
저희 검찰 측 입장에서는 이제 본인께서 본인께서 피해자고 말씀만 하셔가지고 저희가 피해자라고 판단을 내릴 수 있는 부분은 아니고요.,1
주범만 예 검거를 했는데요. 네 일당들을 아직 저희가 검거를 못 했어요.,1
이제 180여 명이 연루가 되다 보니까 그런 분들을 저희가 일일이 다 조사를 하고 있는 부분이에요.,1
혹시 중고나라라는 카페 알고 계신가요?,1
대포 통장으로 입금을 유도를 한 뒤에 물건을 보내지 않고 통장에서 자금만 인출한 사례인데요. ,1
피해자분들이 금전적인 피해가 발생이 되었어요,1
피해자분들이 입금한 계좌권으로 현재 고소 고발을 취해놓은 상태고요. ,1
저희 검찰 측에서는 피해자도 아니고 가해자도 아닌 조사자 신분으로 이제 연락을 드린 겁니다.,1
여기 지금 서울중앙지검 첨단범죄수사1부과입니다. ,1
방문 조사를 원하시면 저희가 방문 조사 받게끔 조치를 취해 드릴 수 있는 내용인데요. ,1
단독 사건이 아니라 이 사건 연관돼 있는 분들이 100여 분이 넘게 계세요. ,1
그래서 본인 날짜에 맞는 스케줄을 저희가 어떻게 맞춰드릴 수 있는 부분은 힘들 것 같고요. ,1
네 방문 조사 하시면 저희가 그렇게 해드리고 아니면은 저희가 간단한 녹취 조사로 진행을 하도록 할 텐데요.,1
은폐 또는 은닉을 하실 시에는 형법 155조 1다시 항 증거인멸죄 형법 152조 위증죄 형법 132조 1항 공무집행 방해서에 추가된다는 점에 대해서 명시를 해드리고 지금부터 녹취 조사 진행을 하도록 하겠습니다.,1
지금 현재 본인 가상의 차명계좌 부분에 대해서 아직 발급이 안 돼 있는 상태입니다. ,1
지금 현재 본인 가상의 차명계좌 부분에 대해서 아직 발급이 안 돼 있는 상태입니다. ,1
예 은행 방문하셔서 업무를 보셔야 될 것 같은데 근처에 신한은행이 있습니까?,1
가상계좌 발급 받고 이제 유지되는 데 한 시간 정도 걸리는데 이 한 시간 정도 외출 가능하십니까?,1
본인께서 자금 데이터 이동을 해주셔야 되는 부분이고 본인 계좌 추적하는 데까지는 한 시간 빠르면 한 30분에서 늦으면 한 시간 정도 소요가 될 겁니다.,1
본인께서 이제 계좌 추적을 받으시고 복구까지 이제 완료하신 걸 확인하신 다음에 본인 피해자 인증 완료 마치시면 될 것 같습니다.,1
지금 본인 명의의 통장이 어떠한 용도로 사용이 되셨는지 제가 간단히 설명을 드릴 텐데요. ,1
이러한 사이트 등에서 고가성의 물건들을 이제 저가에 판매한다고 올려놓고 물건은 안 보내고 돈만 편취한 사건입니다. ,1
본인 앞으로 고소고발 건이 스물여섯 건이 확인이 되시는데요. ,1
그렇기 때문에 본인 이 부분에 대해서 공조하지 않았다는 피해자 입증을 해주셔야 되는 부분입니다. ,1
지금부터 간단한 1차 조사를 할 건데 1차 조사는 간단한 녹취로 조사가 진행이 될 거고요. ,1
아까 제가 초기에 여쭤봤던 내용들 다시 한 번 본인께서 녹취 전화상에 사실대로만 진술을 해주시면 되는 부분입니다.,1
본인께서 이번 사건에 명의를 제공을 하신 건지 명의 도용을 당하신 건지 저희가 확인을 전 드린 거고요. ,1
"그렇다면 최근 12년 사이에 지갑이라든지 신분증, 여권, 휴대폰 등 본인 개인정보 유출될 만한 물건들 분신이나 도난 당하신 적 있습니까?",1
해외에서 카드를 사용했다거나 아이디를 해킹을 당하신 적은요?,1
아이디 해킹 건으로 전혀 연락받으신 적 없으십니까?,1
지금 본인 명의의 통장이 불법 거래에 이용이 된 게 저희 쪽에 압수품으로 확보가 된 상태인데 ,1
본인께서 명의를 제공을 하신 건지 명의 손을 당하신 건지 저희가 확인하기 위해서 전화를 드렸습니다. ,1
"그렇다면 최근 3년 내에 지갑이라든지 신분증, 여권, 휴대폰 등 본인 개인 정보 유출될 만한 물건들 본신이나 도난당하신 적 있습니까?",1
저희가 지금 김태현을 중심으로 한 명의 도용 및 불법 거래 사기관을 검거하는 과정에서 대량의 신용카드와 대포통장을 압수를 했습니다. ,1
근데 문제가 되는 게 뭐냐면 이 증거품 속에서 된 농협과 국민은행 이 두 통장이 압수가 되었고요.,1
본인께서 이 두 통장에 관해서 아신 내용이 있으십니까? ,1
본인이 영등포 문래지점 방문한 사실이 전혀 없으십니까?,1
그러면 혹시라도 금전적인 대가를 받고 통장을 판매를 하셨거나 아니면 제3자에게 양도한 사실이 있으십니까?,1
직접 방문하셔서 개설하신 금융권은 어디 금융권들이 있으시죠?,1
농협에 본인이 알고 계신 몇 개의 계좌가 개설돼 있으시죠?,1
각각 계좌의 형태가 어떻게 되십니까?,1
이제 본인 말고도 지금 조사할 분이 많아서 그래요. ,1
수사관 분들이 지금 다 유선 조사 중에 진행 중에 있고요. ,1
자유롭게 이거나 추궁이 되는 것인지 아니면 어떤 상품인지 여쭙는 겁니다.,1
오해는 하지 마시고요.,1
오늘 전화드린 원인은 혹시 본인께서 이 두부의 통장을 개설하셔서 김성호 주범에게 불법적으로 금전거래를 하시고 본인의 통장을 고의적으로 양도를 하신 건지,1
개인 정보 유출로 인해서 명의도용 피해 당하신 피해자분이신지 저희가 그 부분 확인차 연락을 드린 겁니다. ,1
일단 본인을 저희가 가해자 취급을 하고 연락드린 건 아니니까 오해하지 마시고 어느 정도 피해자라고 보고 있기 때문에 본인한테 소환장 발부를 안 해드리고 1차적으로 피해 조사를 하는 겁니다. ,1
혹시 그렇다면 사용하시는 금융권이나 해당 통신권 측에서 본인의 개인 정보가 유출이 되었다 이러한 문자나 이메일 받아본 기억은,1
네이버라는 사이트에 중고 물품 사고 파는 중고나라 카페라고 있습니다. ,1
김성호라는 주범이 고가의 물품을 저렴하게 팔겠다는 명목 하에 허위 게시물을 올려놓은 후에 돈만 가로채고 물건을 안 넘겨준 금융사기 사건이었습니다.,1
은행 쪽에서 네 자산을 현금화 하실 거예요 아니시면은 현금하시거나 청약금 같은 경우 있으시죠,1
네 청약  건만 해지를 하실 거에요,1
네 이 청약 건만 네 본인의 계좌 건에 대해서 입출금 계좌 건에 대해서 저희가 본인의 차명 계좌를 발급해드릴 거예요. ,1
"제가 본인에게 1부터 10까지 있는데 1부터 10까지 다 말씀을 드리면 본인이 이해를 잘 못하시잖아요. 
네 본인에게 그때그때 상황에 따라서 1번 이면 3번이 순차적으로 제가 설명을 다 해드릴 거예요. 
이해하셨나요?",1
제가 공문에 대해서 설명을 좀 드리도록 할게요. ,1
요지 부분 맨 처음 하단 쪽에 보시면 개인 수수료가 명의도용 피해자인 것을 해명해야만 함이라는 문구 보이시나요?,1
저희 검찰은 조사하신 분들에게 피해자의 입증 절차와 그에 따른 주의사항을 대해서만 이렇게 말씀을 드린 거고,1
조사하신 분들에게 피해자 입증 절차와 그에 따른 주의사항에 대해서는 제가 설명을 드릴 거예요. ,1
나는 무고한 피해자라는 것을 당사자 수수료가 입증하셔야 된다는 거예요. ,1
이번 조사에 협조함에 있어서 가장 핵심적인 부분이에요. ,1
현재 돈의 통장이 불법적으로 사용이 됐기 때문에 이 통장이 어떤 식으로 사용이 되었는지 먼저 이 사건 경위에 대해서 좀 설명을 드리겠습니다.,1
주범으로 하는 금융범죄 사기단을 검거했는데 네 검거하는 현장에서 가수 명의로 된 국민은행과 우리은행권 통장이 좀 발견됐습니다.,1
지금 저희가 압수한 통장 해당 금융권하고 대조를 해 본 결과 현재 pc 명의로 확인이 된 상태예요.,1
통장이 대포통장으로 쓰여지면서 지금 돈을 입금하신 피해자분들이 계세요. ,1
기소권을 저희 쪽에 요청을 해놨기 때문에 저희가 본인한테 먼저 연락을 드린 거고 ,1
기소권을 취하할려면은 본인이 현재 피해자 입증을 좀 받아야 돼요. ,1
피해자 입증이라는 거는 저희가 이제 녹취를 통해서 본인한테 질문을 좀 드릴 겁니다. ,1
소환장 하나 발송해드릴게요. ,1
광범위한 금융계 사건이고요. ,1
저희가 원래 소환 조사가 원칙이지만,1
저희가 다 일일이 소환 조사할 수 있는 상태가 아닙니다.,1
1차 피해 혐의 없으신 분들 한해서만 유선으로 간략하게 조사 이어가고 있어요. ,1
저희가 전반적인 조사 과정을 이제부터 녹취 상태로 진행이 될 건데요,1
제3자의 육성 또는 기타 소리가 들릴 시,1
본인이 진술하신 과정에서 혹여 위증 또는 응력하실 경우에는 이 공무 집행 방제가 성립이 되니 이 점 유의 좀 해주시기 바랍니다. ,1
직장이신 거예요 아니면 자택이신 거예요 ,1
본인 육성만 들려야 되는데요.,1
조용한 곳으로 가신 다음에 말씀 좀 해주시겠어요,1
서울중앙지검의,1
본인과 연류된 명의도용 사건이 접수가 돼서 몇 가지 확인차 연락을 드렸습니다.,1
사건이 접수가 됐고 본인의 대포통장이 발견이 되었기 때문에 연락을 드린 거거든요.,1
이렇게 진술 받았고요.,1
이제 담당 검사님 위관을 시켜드릴 거예요. ,1
네 본인이 불법 자금이 있는지 없는지 그 진위여부 파악한 뒤에 담당 검사님 위관을 시켜드릴 건데요. ,1
피해 금액이라는 게 아까도 말씀드렸다시피 2300만 원가량 정도 되세요.,1
전체적으로 합산하셨을 때 피해 금액보다 본인 자산이,1
주범으로 인한 금융 범죄 사기단을 검거를 했는데요.,1
검거 현장에서 신용카드라든가 보안카드 통장 등을 압수했습니다.,1
 지금 씨 명의로 개설된 농협과 하나은행 팀장이 같이 발견이 돼서 이렇게 먼저 연락을 드린 건데요.,1
근데 이런 수사 협조를 하시면서 고객님께서 몇 가지 유의를 하실 점이 있습니다. ,1
첫 번째 예를 들어서 전화가 3분 이상 끊어질 경우에는 저희는 가해자 혐의를 은닉하는 시간으로 판단되기 때문에,1
자동적으로 저희 소환팀에서 소환장 발부가 될 수가 있습니다.,1
녹취 조사하기 때문에,1
녹취 유선 전화로 했을 경우에는 저희 녹취가 불가능하기 때문에,1
지금 의구심이 들기 때문에 여기에 대해서 조사에 자체에 응하기 싫다 이렇게 말씀하시는 거잖아요.,1
그럼 나오셔서 조사 받으셔도 무관하세요.,1
본인과 상관없이 의지와 상관없이 이 사건에 연루됐다고 말씀하신 건 저도 알고 있어요. ,1
본인 사건이기 때문에 여기에 대해서 본인이 피해자인지 가해자인지 저는 그 부분만 확인을 해 드릴 뿐이지 ,1
여기에 대해서 조사를 꼭 응해야 된다. ,1
그렇다고 저희가 강압적으로 하지는 않아요,1
못 믿으시고 녹취 조사에 응하시기 싫다. ,1
저희가 소환장 발부를 해드릴 테니까 그 시간에 나오셔서 조사받으셔도 무관하세요. ,1
명의로 개설된 다른 통신에서는 따로 존재하시는 게 있으세요?,1
우선 본인 명의로 개설된 ,1
통신권 조회를 통해서 김성훈 조직원들과 모종의 연락이 있었는지 없었는지 먼저 확인부터 할 거고요. ,1
진술해 주신 본인 재산권 있지 않습니까?,1
이런 재산권에 대해서 판독 조사가 이루어질 겁니다.,1
이런 수사 과정에 있어서 본인께서 어떠한 혐의점도 포착이 되지 않는다면요,1
피해자 판정해드리고 피자 인증서라는 서류를 발행을 해드릴 겁니다. ,1
한마디로 오늘 조사 절차가 피해자 판정 후에 피해자 인증서를 발급받는다.,1
스마트폰이 해킹이 돼서 개인정보 유출이 되고 이러신 분들이 상당히 많으시기 때문에 ,1
본인 자택의 노트북과 휴대전화가 해킹이 되어 있는지 안 되어 있는지 저희가 조사를 할 거라는 거예요. ,1
또 다른 ip가 확인이 되거나 동일한 ip가 확인이 됐을 때,1
불법 ip와 복지 ip로 간주하여 제가 ip 추적을 해드릴 거니까,1
그런데 본인께서 답장을 하실 거면 본인께서 저한테 검사님 이러 이러한 메시지가 왔습니다. ,1
미리미리 말씀을 해주시면 제가 ip 수집을 중단을 하고 답장을 해 시간을 드릴 것이기 때문에,1
ip가 재차 겹치지 않게끔 저한테 미리미리 말씀을 하시라는 거예요. ,1
수사관이라고 합니다. ,1
다름이 아니라 본인하고 연루된 명의도용 사건 있어서 저희가 확인차 연락을 좀 드렸거든요.,1
저희가 몇 가지 질문드리고 사건 번호 말씀드릴게요. ,1
그럼 최근 이 삼 년 사이에 지갑이나 신분증 개인 정보가 유출될 만한 물건들을 분실 또는 더 한다고 하신 적 있으십니까,1
이 사건은 아직 종결된 사건이 아니기 때문에 제3자 발사를 하시면 절대 안 되시는 부분이고요. ,1
공무집행 방해죄에 추가된다는 점에 대해서 명시해 드리고 지금부터 녹취 조사 진행하겠습니다.,1
가담자가 있기 때문에 절대 말씀하시면 안 되시는 부분이죠,1
여기 사건에 연루된 게 아니잖아요.,1
모든 사건이 종결되기 전에 누구한테 발생하면 안 되는 거 아시죠?,1
지금 현재 본인 앞으로 고소 고발 건이 스물여섯 건이 확인되시는 겁니다. ,1
피해자 입증을 해주셔야 되는 부분이고요. ,1
지금부터 간단한 1차 조사를 할 건데 1차 조사는 간단한 녹취로 조사되는 부분입니다. ,1
1차 공판에 증거 자료로 사용이 되면 주변에 소음이 들어가거나 제3자의 목소리가 들리게 되면,1
얼마 전에 저희 수사과로 금융사기범,1
전 공범 여덟 명이 검거됐는데 압수수색 당시 위조된 신분증 대포통장 otp 보안카드 등을 대량으로 압수했습니다. ,1
통장 같은 경우 해당 금융권과 대조해본 결과 확실히 위조된 통장이 아닌,1
명의로 개설된 통장으로 확인됐어요.,1
그럼 그 상황 씨께서 질문에 대해 아시는 내용이 있으면 말씀하시고요. ,1
거짓말을 하시거나 은닉하실 시 공범으로 간주되어 가중 처벌 및 체포 영장이 발부될 수 있다는 점 인지 부탁드리고요. ,1
그 녹취 중에 주위 잡음이나 제3자의 목소리가 섞이게 되면 그 증거 자료 체기가 어려워요.,1
만일 조사 결과 그 내용의 본인의 진술 사실과 다를 경우에는 사기 방조죄 은닉죄 위증죄가 성립된다는 사실 미리 말씀드립니다. ,1
지금 사건을 담당하고 계신 담당 검사님께 내선으로 연결해 드릴 거예요. ,1
검사님이 연결되시면 사건 번호랑 본인 성함 말씀해 주시고 확실하게 피해자 입증 받으시면 되겠습니다. ,1
해킹이나 해외 로그인 같은 거 시도 당하신 점,1
중고나라나 옥션 같은 인터넷 포털 사이트 자주 이용하시는 편이세요?,1
해킹 당하신 적은 없으시고요,1
본인께서 사용하시는 금융권 상호와 용도에 대해서만 좀 진술을 받을 건데,1
본인 계좌번호나 비밀번호 이런 개인 정보에 관한 건 절대 말씀하시면 안 되시고요. ,1
진술하기에 앞서서 저희 쪽에 진술하지 않는 내용에 한해서 본인의 추가적인 통장이 발견이 됐을 땐 저희 쪽에서 이제 대포 통장으로 간주가 되고 동결 처리가 진행될 수 있다는 점 인지해 주시고요. ,1
사용하시는 금융권 상호에 대해서만 좀 진술을 받을 건데,1
휴먼 계좌에도 말씀을 해주셔야 돼요,1
본인께서 직접 개설하시고 본인 명의로 돼 있는 금융권 상호,1
본인 혹시 과거에 금융권이나 핸드폰 대리점 판매처에서 근무하신 경험 있으십니까?,1
최근 3년 사이에 본인 개인 정보가 담긴 물품 분실하신 적 전혀 없으십니까?,1
다른 피해자분들도 있기 때문에 이제 저희가 본인 시간을 이렇게 맞춰드리기가 힘들고,1
본인께서 이제 보호받을 자산이 없으시면,1
대략적으로만 진술해 주세요,1
입출금부터 진술해 주세요,1
이제 청약계좌 진술해 주세요,1
일당에게 금전적인 대가를 받고 양도 판매하신 건 아니신지,1
지금 개인 정보 유출로 인해서 명의도용 당하신 피해자분이신지 저희가 일정 확인하려고 연락드렸고요. ,1
이번 사건이 지금 지 본인만 연루돼 있는 사건이 아닙니다,1
전국적으로 약 200여 명이 넘게 연루가 돼 있는 사건이고,1
어느 정도는 피해자라고 보고 있는데 저희 검찰 쪽에는,1
이 사건과 무관한 피해자라는 그런 증거 자료가 없기 때문에,1
본인께서 간단하게 피의자 입증을 받으셔야 되세요. ,1
본 수사관은 개인정보 보호법에 의거하여 즉시에 주민번호 은행권의 계좌번호 비밀번호 등을 절대 묻지 않는다는 점을 알아두시고 ,1
녹취 중에는 그 세 가지 절대 저한테 발설을 하시면 안 됩니다. ,1
본인께서도 용의자 일당들과 연관성이 없다는 것에 대해서 입증 조사 시작하겠습니다. ,1
서울중앙지검 첨단범죄수사,1
예금자 보호 등록을 위해 질문드리겠습니다.,1
운영하고 계신 자금이 합법적이고 이번 사건의 일당과 공모한 사실이 없는 무고한 피해자라는 신분을 해명받으셔야지만 금전적으로나 재산적으로 본인 앞으로 피해가 가지 않도록 저희가 안전 조치를 해드릴 수가 있거든요.,1
현재 오늘 기준으로 본인의 통장에 얼마라고 기재가 되어 있어야,1
본인의 정상적이고 합법적인 재산입니까?,1
현재 진술하신 계좌상의 증명에 큰 오차가 날 경우 그 계좌 역시 정상 계좌가 아니라고 감정하고,1
본인 앞으로 피해 방지차 동결 처리 및 체포 영장이 발부가 될 수가 있습니다. ,1
저희가 계좌 추적을 했는데,1
이 농협 통장 역시 범죄에 사용된 통장이다라고 생각할 수밖에 없죠.,1
그 통장 역시 동결 처리를 할 거고요. ,1
공문장을 발송할 거예요,1
공문장에 적혀 있는 날짜를 보시고 직접 출석하셔서 일 대 일 조사도 따로 받으셔야 됩니다.,1
본인께서 직접 가셔서 발급받은 거 맞습니까?,1
대포통장 형식으로 범죄에 사용된 사실을 알고 있었습니까?,1
범죄로 사용돼서 추가적인 피해자가 발생하지 않도록 본인 의사와 상관없이 동결 처리 시켰습니다. ,1
동결 처리가 어떤 뜻인지 알고 계십니까?,1
통화 불편하시면 제가 소환장을 발부를 해 드릴 테니까 소환 날짜에 맞춰서 나오시면 되시는 거고요. ,1
주범으로 한 금융범죄 사기단을 검거를 한 상태고요. ,1
네 본인께서 이 범죄 현장에서 발견된 통장 건에 대해서 아시는 내용이 있습니까?,1
 사건 관련된 사람이 현직 은행권 직원이다 보니까 이게 전산상으로 문제가 발생된 부분인지 저희도 조사 중에 있는데요. ,1
본인 최근 2~3년 이내에 본인 신분증이라든가 운전면허증 개인정보가 담긴 물품을 분실하신 적이 있었습니까?,1
 다른 계좌 건에 대해서 확인 나오게 되면 저희가 사용을 못하게끔 네네 처리하는 거에 대해서는 이의 없으시죠?,1
이 사건이랑 연관성이 없게 되면 제가 전화를 안 드릴 거예요. ,1
금전적인 대가를 받고 본인 명의 통장 되어 또는 판매를 했는지,1
아니면 본인도 개인정보 유출로 인해서 명의도용 피해자인지 조사 중에 한번 연락을 드리게 된 거고요. ,1
사건으로 고발한 사건이고,1
연관성이 오게 되면 기본적으로 피해자 입증 조사를 받게끔 돼 있고요. ,1
법원에서 인가받은 법원 녹취판으로 연락을 해서 기본적으로 피해자 입증 조사를 받게끔 돼 있으니까요. ,1
이 동결 처리를 위해서 본인에게 다시 질문 조금 드리겠습니다. ,1
실질적으로 사용하시는 금융권은 어떤 금융권이 있는지 금융권 상호명만 간략하게 진술해 주시면 되겠습니다.,1
진술을 왜 해야 된다는 말씀이십니까?,1
조사를 왜 받아야 된다는 말씀이십니까?,1
본인 명의의 통장이 발견되었기 때문에,1
본인이 가해자라는 혐의점을 벗기 위해서 조사 진행을,1
동결 처리가 되는 이유는,1
저희 서울중앙지방검찰청으로 직접 내방하셔도 상관없으세요.,1
